SKU Pai,SKU Variação,Nome do Produto,Nome da Variação,Valor da Variação,Categoria (referência interna),Descrição do Produto,Marca,Preço (R$),Preço Original em Ienes (referência),Estoque,Peso(kg),Comprimento(cm),Largura(cm),Altura(cm),Dias de Preparação,Imagem de Capa,Imagem 2,Imagem 3,Imagem 4,Imagem 5,Imagem 6,Imagem 7,Imagem 8,Observações
JE-COS-0001,JE-COS-0001,Sabonete Corporal 8x4 MEN Foot + Body (Frasco + Refil),,Padrão,Cosméticos,"Shampoo Corporal 8x4 MEN Foot + Body (Frasco + Refil)  Limpeza profunda desenvolvida especialmente para homens, ajudando a remover odores e impurezas do corpo e dos pés. Sua fórmula proporciona sensação prolongada de frescor e higiene, deixando a pele limpa, revigorada e com fragrância refrescante.  ✔ Limpeza corporal e dos pés ✔ Ajuda a combater odores indesejados ✔ Sensação de frescor duradoura ✔ Ideal para uso diário ✔ Acompanha refil econômico  Conteúdo: Frasco + Refil.",Sem Marca,160.78,4950,999,1.500,8.4,5.4,19.2,3,"https://res.cloudinary.com/dw4j4tpub/image/upload/f_webp,q_auto/v1781758831/nikkeybox/products/8x4-men-foot-body-sabonete-corporal-e-pa-84nj/e8v3trfzccg3m7l3mrjj.jpg","https://res.cloudinary.com/dw4j4tpub/image/upload/f_webp,q_auto/v1781758835/nikkeybox/products/8x4-men-foot-body-sabonete-corporal-e-pa-84nj/dhssopvqoivgkparmypa.jpg","https://res.cloudinary.com/dw4j4tpub/image/upload/f_webp,q_auto/v1781758836/nikkeybox/products/8x4-men-foot-body-sabonete-corporal-e-pa-84nj/tityyfhv1prao2ognbtp.jpg",,,,,,
JE-COS-0002,JE-COS-0002,Sabonete Corporal 8x4 MEN Middle Age Care (Frasco + Refil),,Padrão,Cosméticos,"Sabonete líquido corporal masculino desenvolvido para limpeza profunda da pele, ajudando a controlar odores corporais e a sensação de oleosidade. Sua fórmula proporciona frescor duradouro e cuidado diário, deixando a pele limpa e revitalizada.  ✔ Ajuda a combater odores corporais ✔ Limpeza profunda e refrescante ✔ Ideal para uso diário ✔ Fragrância cítrica suave ✔ Acompanha refil econômico  Conteúdo: Frasco + Refil.",Sem Marca,188.37,5800,999,1.500,,,,3,"https://res.cloudinary.com/dw4j4tpub/image/upload/f_webp,q_auto/v1781759009/nikkeybox/products/8x4-men-middle-body-wash-sabonete-liquid-wt79/jlcezb65nzvwx7nnzo2z.jpg","https://res.cloudinary.com/dw4j4tpub/image/upload/f_webp,q_auto/v1781759015/nikkeybox/products/8x4-men-middle-body-wash-sabonete-liquid-wt79/v7gzlgsofo0v7fdny1mn.jpg","https://res.cloudinary.com/dw4j4tpub/image/upload/f_webp,q_auto/v1781759015/nikkeybox/products/8x4-men-middle-body-wash-sabonete-liquid-wt79/jyfbff3i8rsix9kgp6m0.jpg",,,,,,
JE-DOC-0001,JE-DOC-0001,Alga Marinha Temperada Coreana (Gwangcheon Gim) – Kit com 12 Pacotes,,Padrão,Doces & Chás,"A tradicional alga marinha coreana temperada, crocante e saborosa, perfeita para acompanhar arroz, preparar lanches ou consumir como snack. Produzida com algas selecionadas e levemente temperadas, oferece um sabor irresistível que conquistou fãs em todo o mundo.  ✨ Características:  * Alga marinha coreana premium * Textura crocante e sabor levemente salgado * Pronta para consumo * Ideal para arroz, onigiri, bentôs e refeições orientais * Embalagens individuais para maior praticidade  🍙 Sugestões de consumo: Acompanhe arroz branco, enrole em onigiris, utilize em receitas japonesas e coreanas ou consuma como um snack saudável.  📦 Conteúdo: 12 pacotes individuais (cada pacote contém 6 folhas",Sem Marca,32.61,1000,999,,,,,3,"https://res.cloudinary.com/dw4j4tpub/image/upload/f_webp,q_auto/v1781705737/nikkeybox/products/alga-marinha-temperada-coreana-gwangcheo-p3y8/ecg2rzjvp8epda7f8ivk.webp","https://res.cloudinary.com/dw4j4tpub/image/upload/f_webp,q_auto/v1781705739/nikkeybox/products/alga-marinha-temperada-coreana-gwangcheo-p3y8/guprqngbbmr2hzhfqseg.webp",,,,,,,
JE-COS-0003,JE-COS-0003,ANESSA All-in-One Beauty Pact,,Padrão,Cosméticos,"Base compacta multifuncional que combina cobertura, proteção solar e hidratação em um único produto. Uniformiza o tom da pele, ajuda a disfarçar imperfeições e proporciona acabamento natural e confortável ao longo do dia.  ✔ Cobertura leve a média ✔ Acabamento natural e uniforme ✔ Proteção UV para uso diário ✔ Prática para retoques ao longo do dia ✔ Acompanha esponja aplicadora  Ideal para quem busca praticidade e uma pele bonita todos os dias.",Sem Marca,214.33,6600,999,0.500,,,,3,"https://res.cloudinary.com/dw4j4tpub/image/upload/f_webp,q_auto/v1781759435/nikkeybox/products/anessa-all-in-one-beauty-pact-cushion-co-rgdv/laeie4fbk6mqqxoesynp.jpg","https://res.cloudinary.com/dw4j4tpub/image/upload/f_webp,q_auto/v1781759439/nikkeybox/products/anessa-all-in-one-beauty-pact-cushion-co-rgdv/imxspklcs7fcew6i5ml5.jpg","https://res.cloudinary.com/dw4j4tpub/image/upload/f_webp,q_auto/v1781759441/nikkeybox/products/anessa-all-in-one-beauty-pact-cushion-co-rgdv/lntbwyproeezbc6nknej.jpg",,,,,,
JE-COS-0004,JE-COS-0004,Anessa Tone Up Brightening UV Sunscreen Gel,,Padrão,Cosméticos,"Protetor solar facial com efeito tone up que ajuda a iluminar e uniformizar o tom da pele. Sua textura leve hidrata, protege dos raios UV e deixa um acabamento natural e radiante.  ✔ FPS 50+ PA++++ ✔ Efeito iluminador e uniformizador ✔ Textura leve e confortável ✔ Ideal para uso diário  Proteção solar com toque de luminosidade para uma pele mais bonita e saudável.",Sem Marca,97.51,3000,999,0.500,,,,3,"https://res.cloudinary.com/dw4j4tpub/image/upload/f_webp,q_auto/v1781759984/nikkeybox/products/anessa-brightening-uv-sunscreen-gel-tone-g57t/d4sd8iwuirurhsan0ndk.jpg","https://res.cloudinary.com/dw4j4tpub/image/upload/f_webp,q_auto/v1781759988/nikkeybox/products/anessa-brightening-uv-sunscreen-gel-tone-g57t/uzx6bh8zeb3iuadkhndc.jpg","https://res.cloudinary.com/dw4j4tpub/image/upload/f_webp,q_auto/v1781759990/nikkeybox/products/anessa-brightening-uv-sunscreen-gel-tone-g57t/pktb7mibjjtovbjk3yob.jpg",,,,,,
JE-COS-0005,JE-COS-0005,ANESSA Brush-On Sunscreen,,Padrão,Cosméticos,"Protetor solar em pó com pincel integrado, ideal para reaplicar a proteção ao longo do dia de forma prática e sem borrar a maquiagem. Ajuda a controlar a oleosidade, deixando a pele com acabamento suave e natural.  ✔ FPS 50+ PA++++ ✔ Pincel integrado para fácil aplicação ✔ Ideal para retoques durante o dia ✔ Ajuda a controlar o brilho da pele ✔ Acabamento leve e natural  Proteção solar prática para levar na bolsa e usar a qualquer momento.",Sem Marca,227.31,7000,999,0.500,,,,3,"https://res.cloudinary.com/dw4j4tpub/image/upload/f_webp,q_auto/v1781760338/nikkeybox/products/anessa-brush-on-powder-spf50-pa-awqg/cnep8l7ahdqmmwux5jod.jpg","https://res.cloudinary.com/dw4j4tpub/image/upload/f_webp,q_auto/v1781760344/nikkeybox/products/anessa-brush-on-powder-spf50-pa-awqg/qt6bpqp1vfavpqity7ix.jpg","https://res.cloudinary.com/dw4j4tpub/image/upload/f_webp,q_auto/v1781760345/nikkeybox/products/anessa-brush-on-powder-spf50-pa-awqg/bedmj3rehx1vx0qdn5iu.jpg",,,,,,
JE-COS-0006,JE-COS-0006,Anessa Day Serum,,Padrão,Cosméticos,"Sérum facial com alta proteção solar que ajuda a hidratar e iluminar a pele ao longo do dia. Sua fórmula leve proporciona conforto, viço natural e proteção eficaz contra os raios UV.  ✔ FPS 50+ PA++++ ✔ Hidratação e proteção em um só produto ✔ Textura leve e de rápida absorção ✔ Deixa a pele luminosa e macia ✔ Ideal para uso diário  Cuidado diário que une proteção solar e tratamento para uma pele saudável e radiante.",Sem Marca,201.35,6200,999,0.500,,,,3,"https://res.cloudinary.com/dw4j4tpub/image/upload/f_webp,q_auto/v1781761084/nikkeybox/products/anessa-day-serum-spf50-pa-sun-dual-care-o5ki/qpqdv2q7avg20nltyraq.jpg","https://res.cloudinary.com/dw4j4tpub/image/upload/f_webp,q_auto/v1781761086/nikkeybox/products/anessa-day-serum-spf50-pa-sun-dual-care-o5ki/turtrrenzaeam6vc1sym.jpg","https://res.cloudinary.com/dw4j4tpub/image/upload/f_webp,q_auto/v1781761087/nikkeybox/products/anessa-day-serum-spf50-pa-sun-dual-care-o5ki/k0p9ghkpsyj6gfuari0f.jpg",,,,,,
JE-COS-0007,JE-COS-0007,ANESSA Men Multi-Control UV Sunscreen Gel,,Padrão,Cosméticos,"Protetor solar facial masculino com alta proteção UV e textura leve de rápida absorção. Ajuda a controlar a oleosidade, minimizar a aparência dos poros e manter a pele com aspecto fresco e confortável ao longo do dia.  ✔ FPS 50+ PA++++ ✔ Controle da oleosidade ✔ Textura leve e não pegajosa ✔ Ajuda a suavizar a aparência dos poros ✔ Ideal para uso diário  Proteção solar prática para uma pele protegida, confortável e com acabamento natural.",Sem Marca,129.96,4000,999,0.500,,,,3,"https://res.cloudinary.com/dw4j4tpub/image/upload/f_webp,q_auto/v1781761465/nikkeybox/products/anessa-men-multi-control-uv-sunscreen-ge-hu3z/enqcsxn16ljl7qvmjjmc.jpg","https://res.cloudinary.com/dw4j4tpub/image/upload/f_webp,q_auto/v1781761467/nikkeybox/products/anessa-men-multi-control-uv-sunscreen-ge-hu3z/xh2yorjkguwlr8m8xscr.jpg","https://res.cloudinary.com/dw4j4tpub/image/upload/f_webp,q_auto/v1781761468/nikkeybox/products/anessa-men-multi-control-uv-sunscreen-ge-hu3z/jhm3iqknjor02ywblmbc.jpg",,,,,,
JE-COS-0008,JE-COS-0008,ANESSA Mild Gel | Baby,,Padrão,Cosméticos,"Protetor solar mineral com fórmula suave, desenvolvido para peles sensíveis e delicadas, incluindo crianças. Oferece proteção diária contra os raios UV enquanto ajuda a manter a pele hidratada e confortável.  ✔ FPS 35 PA+++ ✔ Ideal para peles sensíveis e infantis ✔ Fórmula suave e de fácil aplicação ✔ Hidrata e protege a pele ✔ Uso diário para rosto e corpo  Proteção delicada e confortável para toda a família.",Sem Marca,164.03,5050,999,0.500,,,,3,"https://res.cloudinary.com/dw4j4tpub/image/upload/f_webp,q_auto/v1781761844/nikkeybox/products/anessa-mineral-uv-sunscreen-mild-gel-spf-lt1p/fwe2kzflkdywyheywi6a.jpg","https://res.cloudinary.com/dw4j4tpub/image/upload/f_webp,q_auto/v1781761846/nikkeybox/products/anessa-mineral-uv-sunscreen-mild-gel-spf-lt1p/z45tzzziscspkg2kirjp.jpg","https://res.cloudinary.com/dw4j4tpub/image/upload/f_webp,q_auto/v1781761847/nikkeybox/products/anessa-mineral-uv-sunscreen-mild-gel-spf-lt1p/frhlxsymxyzuwkcohrv3.jpg",,,,,,
JE-COS-0009,JE-COS-0009,Anessa Night Sun Care Serum,,Padrão,Cosméticos,"Sérum facial noturno desenvolvido para hidratar e revitalizar a pele após a exposição ao sol. Sua fórmula leve ajuda a restaurar a maciez, deixando a pele mais luminosa, hidratada e confortável ao acordar.  ✔ Hidratação intensa durante a noite ✔ Ajuda a recuperar a pele após o sol ✔ Textura leve e de rápida absorção ✔ Deixa a pele macia e radiante ✔ Ideal para a rotina noturna de cuidados  O cuidado perfeito para renovar e hidratar a pele enquanto você dorme.",Sem Marca,181.88,5600,999,0.500,,,,3,"https://res.cloudinary.com/dw4j4tpub/image/upload/f_webp,q_auto/v1781762144/nikkeybox/products/anessa-night-sun-care-serum-poej/lq2tbnwyddpnhya3ndpp.jpg","https://res.cloudinary.com/dw4j4tpub/image/upload/f_webp,q_auto/v1781762146/nikkeybox/products/anessa-night-sun-care-serum-poej/zeelocvcvf2ylijgbygu.jpg",,,,,,,
JE-COS-0010,JE-COS-0010,ANESSA Perfect UV Sunscreen Skincare Milk ,,Padrão,Cosméticos,"Protetor solar facial e corporal com alta proteção UV e textura leve de rápida absorção. Sua fórmula resistente à água e ao suor ajuda a manter a pele protegida, hidratada e confortável durante todo o dia.  ✔ FPS 50+ PA++++ ✔ Alta resistência à água e ao suor ✔ Textura leve e acabamento suave ✔ Hidrata e protege a pele ✔ Ideal para uso diário e atividades ao ar livre  Proteção solar avançada para uma pele saudável e protegida todos os dias.",Sem Marca,240.29,7400,999,0.500,,,,3,"https://res.cloudinary.com/dw4j4tpub/image/upload/f_webp,q_auto/v1781705748/nikkeybox/products/anessa-perfect-uv-sunscreen-mild-milk-sp-jzof/odqojrvp1cp71hvpwlye.webp","https://res.cloudinary.com/dw4j4tpub/image/upload/f_webp,q_auto/v1781762351/nikkeybox/products/anessa-perfect-uv-sunscreen-mild-milk-sp-jzof/hhg85sy6hfnagqbaw3c4.jpg",,,,,,,
JE-COS-0011,JE-COS-0011,ANESSA Moisture UV Sunscreen Skincare Gel ,,Padrão,Cosméticos,"Protetor solar em gel com alta proteção UV e ação hidratante, ideal para manter a pele protegida e macia durante todo o dia. Possui textura leve, rápida absorção e acompanha mini Day Serum para potencializar os cuidados diários.  ✔ FPS 50+ PA++++ ✔ Hidratação e proteção em um só produto ✔ Textura leve e confortável ✔ Não deixa sensação pegajosa ✔ Acompanha mini Day Serum  Proteção solar diária com hidratação intensa para uma pele saudável e radiante.",Sem Marca,168.90,5200,999,0.500,,,,3,"https://res.cloudinary.com/dw4j4tpub/image/upload/f_webp,q_auto/v1781762701/nikkeybox/products/anessa-perfect-uv-sunscreen-skincare-gel-eikm/oqnxt6r8b9nrp8qrzwvp.jpg","https://res.cloudinary.com/dw4j4tpub/image/upload/f_webp,q_auto/v1781762704/nikkeybox/products/anessa-perfect-uv-sunscreen-skincare-gel-eikm/sgmlr5dm4cugvw1p7wmw.jpg","https://res.cloudinary.com/dw4j4tpub/image/upload/f_webp,q_auto/v1781762705/nikkeybox/products/anessa-perfect-uv-sunscreen-skincare-gel-eikm/cxz4xfokd4nok0aspmzr.jpg",,,,,,
JE-DOC-0002,JE-DOC-0002,Baby Star Ramen Mini – Sabor Frango 30 Universidades ,,Padrão,Doces & Chás,"Diretamente do Japão, o famoso Baby Star Ramen transforma macarrão temperado em um snack irresistivelmente crocante! Com delicioso sabor de frango, é uma ótima opção para quem deseja experimentar um dos petiscos mais populares entre crianças e adultos japoneses.",Sem Marca,8.27,250,999,,,,,3,"https://res.cloudinary.com/dw4j4tpub/image/upload/f_webp,q_auto/v1781705751/nikkeybox/products/baby-star-ramen-mini-sabor-frango-zog2/sbmcq2viksvueixamapk.webp",,,,,,,,
JE-COS-0012,JE-COS-0012,Beauty of Joseon Glow Deep Serum (Rice + Alpha-Arbutin),,Padrão,Cosméticos,"Sérum facial iluminador formulado com extrato de arroz e alfa-arbutina, desenvolvido para ajudar a uniformizar o tom da pele, promover hidratação e realçar a luminosidade natural do rosto.  ✔ Ajuda a iluminar e uniformizar a pele ✔ Hidratação leve e duradoura ✔ Textura suave e rápida absorção ✔ Ideal para todos os tipos de pele ✔ Uso diário na rotina de skincare  Pele mais radiante, hidratada e com aparência saudável todos os dias.",Sem Marca,162.41,5000,999,0.500,,,,3,"https://res.cloudinary.com/dw4j4tpub/image/upload/f_webp,q_auto/v1781762995/nikkeybox/products/beauty-of-joseon-glow-deep-serum-rice-al-2h12/w8imbkt2dckzvzvpnkih.jpg","https://res.cloudinary.com/dw4j4tpub/image/upload/f_webp,q_auto/v1781762997/nikkeybox/products/beauty-of-joseon-glow-deep-serum-rice-al-2h12/s8rv1jd0r27r9ldzl5te.jpg","https://res.cloudinary.com/dw4j4tpub/image/upload/f_webp,q_auto/v1781762998/nikkeybox/products/beauty-of-joseon-glow-deep-serum-rice-al-2h12/j0hghnnmsg0rjdbgrjpg.jpg","https://res.cloudinary.com/dw4j4tpub/image/upload/f_webp,q_auto/v1781762998/nikkeybox/products/beauty-of-joseon-glow-deep-serum-rice-al-2h12/vswdmpq0xx95pn291p88.jpg",,,,,
JE-COS-0013,JE-COS-0013,Beauty of Joseon Glow Serum (Propolis + Niacinamide),,Padrão,Cosméticos,"Sérum facial nutritivo formulado com própolis e niacinamida, que ajuda a hidratar, iluminar e melhorar a aparência da pele. Sua textura leve proporciona viço natural e deixa a pele com aspecto saudável e radiante.  ✔ Hidrata e nutre profundamente ✔ Ajuda a iluminar e revitalizar a pele ✔ Com própolis e niacinamida ✔ Textura leve e rápida absorção ✔ Ideal para todos os tipos de pele  Pele mais luminosa, hidratada e com brilho saudável todos os dias.",Sem Marca,162.41,5000,999,0.500,,,,3,"https://res.cloudinary.com/dw4j4tpub/image/upload/f_webp,q_auto/v1781763304/nikkeybox/products/beauty-of-joseon-glow-propolis-serum-ser-xejn/boxbhng0nvlr2z8w2lpx.jpg","https://res.cloudinary.com/dw4j4tpub/image/upload/f_webp,q_auto/v1781763307/nikkeybox/products/beauty-of-joseon-glow-propolis-serum-ser-xejn/lnxtsgitzjyatgads85m.jpg","https://res.cloudinary.com/dw4j4tpub/image/upload/f_webp,q_auto/v1781763308/nikkeybox/products/beauty-of-joseon-glow-propolis-serum-ser-xejn/x6x3uuti5znw2fyr1gzm.jpg",,,,,,
JE-COS-0014,JE-COS-0014,Beauty of Joseon Pore Firming Serum (Red Bean PDRN™ + Peptide),,Padrão,Cosméticos,"Sérum facial desenvolvido para ajudar a melhorar a firmeza da pele e minimizar a aparência dos poros. Sua fórmula com Red Bean PDRN™ e Peptídeos proporciona hidratação, elasticidade e uma aparência mais uniforme.  ✔ Ajuda a melhorar a firmeza da pele ✔ Auxilia na redução da aparência dos poros ✔ Hidrata e promove elasticidade ✔ Textura leve e rápida absorção ✔ Ideal para uso diário  Pele mais firme, hidratada e com aparência renovada todos os dias.",Sem Marca,168.90,5200,999,0.500,,,,3,"https://res.cloudinary.com/dw4j4tpub/image/upload/f_webp,q_auto/v1781763521/nikkeybox/products/beauty-of-joseon-pore-firming-serum-red--9ana/eodalkycglx3necelwsf.jpg","https://res.cloudinary.com/dw4j4tpub/image/upload/f_webp,q_auto/v1781763523/nikkeybox/products/beauty-of-joseon-pore-firming-serum-red--9ana/ww83vqw1hskfuixbfarj.jpg","https://res.cloudinary.com/dw4j4tpub/image/upload/f_webp,q_auto/v1781763524/nikkeybox/products/beauty-of-joseon-pore-firming-serum-red--9ana/ly5gpdfixkm0y6vqzf7r.jpg",,,,,,
JE-COS-0015,JE-COS-0015,Beauty of Joseon Revive Serum (Ginseng + Snail Mucin),,Padrão,Cosméticos,"Sérum facial nutritivo formulado com ginseng e mucina de caracol, ingredientes conhecidos por ajudar a revitalizar, hidratar e melhorar a elasticidade da pele. Deixa a pele mais macia, luminosa e com aparência saudável.  ✔ Hidratação profunda e duradoura ✔ Ajuda a melhorar a elasticidade da pele ✔ Com ginseng e mucina de caracol ✔ Textura leve e rápida absorção ✔ Ideal para todos os tipos de pele  Pele mais firme, hidratada e revitalizada todos os dias.",Sem Marca,168.90,5200,999,0.500,,,,3,"https://res.cloudinary.com/dw4j4tpub/image/upload/f_webp,q_auto/v1781763817/nikkeybox/products/beauty-of-joseon-revive-serum-ginseng-sn-0vom/b8ezf6a9rh4newqslmw3.jpg","https://res.cloudinary.com/dw4j4tpub/image/upload/f_webp,q_auto/v1781763818/nikkeybox/products/beauty-of-joseon-revive-serum-ginseng-sn-0vom/gbb1b7esa4fgjohqeul9.jpg","https://res.cloudinary.com/dw4j4tpub/image/upload/f_webp,q_auto/v1781763819/nikkeybox/products/beauty-of-joseon-revive-serum-ginseng-sn-0vom/uv6mfsju7wiwllpt0cm8.jpg",,,,,,
JE-COS-0016,JE-COS-0016,Bioré Facial Wash Scrub,,Padrão,Cosméticos,"Espuma de limpeza facial com micropartículas esfoliantes que ajudam a remover impurezas, células mortas e excesso de oleosidade. Deixa a pele limpa, macia e com sensação refrescante após o uso.  ✔ Limpeza profunda dos poros ✔ Auxilia na remoção de células mortas ✔ Ajuda a controlar a oleosidade ✔ Sensação de frescor e maciez ✔ Ideal para uso diário  Pele mais limpa, suave e renovada todos os dias.",Sem Marca,32.61,1000,999,0.500,,,,3,"https://res.cloudinary.com/dw4j4tpub/image/upload/f_webp,q_auto/v1781764086/nikkeybox/products/biore-facial-wash-scrub-esfoliante-facia-4mvf/x4u0owkgyqktut0a11xx.jpg","https://res.cloudinary.com/dw4j4tpub/image/upload/f_webp,q_auto/v1781764087/nikkeybox/products/biore-facial-wash-scrub-esfoliante-facia-4mvf/jxphkfk62mqisze62zet.jpg",,,,,,,
JE-COS-0187,JE-COS-0187,Biore Kids Stamp,,Padrão,Cosméticos,"Proteja a pele delicada das crianças com praticidade! O Biore Kids Stamp UV é um protetor solar infantil inovador com aplicador em formato de carimbo, que facilita a aplicação uniforme e divertida, incentivando os pequenos a usarem protetor todos os dias.  Benefícios:  * ☀️ FPS 50+ PA+++: alta proteção contra os raios UVA e UVB. * 🧸 Aplicador em formato de carimbo, fácil de usar e ideal para crianças. * 🌿 Fórmula suave, desenvolvida para a pele sensível infantil. * 🚫 Livre de álcool, parabenos, silicones, corantes e absorvedores químicos de UV. * 🫧 Sai facilmente com água e sabonete, sem necessidade de demaquilante. * 👶 Indicado para uso diário em crianças.  Perfeito para passeios, escola, praia ou parque, garantindo proteção eficaz com uma aplicação rápida e prática.",Sem Marca,122.82,3780,999,0.500,,,,3,,,,,,,,,"IMAGEM LOCAL (base64) — precisa subir a foto manualmente, URL não disponível"
JE-COS-0017,JE-COS-0017,Bioré Perfect Oil Makeup Remover,,Padrão,Cosméticos,"Óleo de limpeza facial que remove maquiagem, protetor solar e impurezas de forma rápida e eficiente. Sua fórmula emulsiona facilmente com água, deixando a pele limpa, macia e sem sensação oleosa.  ✔ Remove maquiagem resistente ✔ Limpa profundamente os poros ✔ Pode ser usado com as mãos molhadas ✔ Não deixa sensação pegajosa ✔ Ideal para uso diário  Limpeza eficaz para uma pele fresca, macia e livre de resíduos.",Sem Marca,104.00,3200,999,1.000,,,,3,"https://res.cloudinary.com/dw4j4tpub/image/upload/f_webp,q_auto/v1781764432/nikkeybox/products/biore-perfect-oil-makeup-remover-60ow/u2qb0hg4q2uk4osox94s.jpg","https://res.cloudinary.com/dw4j4tpub/image/upload/f_webp,q_auto/v1781764433/nikkeybox/products/biore-perfect-oil-makeup-remover-60ow/wboijfwi6ulsgyfqeokz.jpg",,,,,,,
JE-COS-0018,JE-COS-0018,Bioré Pore Pack Black – Tiras Removedoras de Cravos para o Nariz,,Padrão,Cosméticos,"Tiras adesivas com carvão de bambu que ajudam a remover cravos, oleosidade e impurezas dos poros do nariz. Proporcionam sensação de limpeza profunda e pele mais suave após o uso.  ✔ Auxilia na remoção de cravos ✔ Limpeza profunda dos poros ✔ Com carvão de bambu absorvente ✔ Ajuda a reduzir a aparência dos poros ✔ Prático e fácil de usar  Nariz mais limpo, livre de impurezas e com sensação refrescante.",Sem Marca,65.06,2000,999,0.500,,,,3,"https://res.cloudinary.com/dw4j4tpub/image/upload/f_webp,q_auto/v1781764681/nikkeybox/products/biore-pore-pack-black-adesivo-removedor--0fuy/vqiprikd1rcekm8zp1fq.jpg","https://res.cloudinary.com/dw4j4tpub/image/upload/f_webp,q_auto/v1781764683/nikkeybox/products/biore-pore-pack-black-adesivo-removedor--0fuy/kpw1xfaw27eux81omy00.jpg","https://res.cloudinary.com/dw4j4tpub/image/upload/f_webp,q_auto/v1781764684/nikkeybox/products/biore-pore-pack-black-adesivo-removedor--0fuy/gate3ipt1qcxwxrdexnq.jpg",,,,,,
JE-COS-0019,JE-COS-0019,Bioré Pore Pack – Tiras Removedoras de Cravos para o Nariz,,Padrão,Cosméticos,"Tiras adesivas que ajudam a remover cravos, oleosidade e impurezas acumuladas nos poros do nariz, proporcionando uma sensação de limpeza profunda e pele mais suave.  ✔ Remove cravos e impurezas dos poros ✔ Ajuda a reduzir a aparência dos poros ✔ Fácil e prático de usar ✔ Sensação de pele limpa e renovada ✔ Embalagem com 10 tiras  Ideal para manter a região do nariz mais limpa, lisa e com aparência saudável.",Sem Marca,65.06,2000,999,0.500,,,,3,"https://res.cloudinary.com/dw4j4tpub/image/upload/f_webp,q_auto/v1781764992/nikkeybox/products/biore-pore-pack-tiras-removedoras-de-cra-w1vj/piccu84rolkunrfsygzd.jpg","https://res.cloudinary.com/dw4j4tpub/image/upload/f_webp,q_auto/v1781764993/nikkeybox/products/biore-pore-pack-tiras-removedoras-de-cra-w1vj/hcddjjfmroiww2f8mltw.jpg","https://res.cloudinary.com/dw4j4tpub/image/upload/f_webp,q_auto/v1781764994/nikkeybox/products/biore-pore-pack-tiras-removedoras-de-cra-w1vj/ilb2bqjbgyledw0ezmdl.jpg",,,,,,
JE-COS-0020,JE-COS-0020,Bioré Facial Wash Acne Care,,Padrão,Cosméticos,"Espuma de limpeza facial desenvolvida para peles com tendência à acne. Remove impurezas, excesso de oleosidade e ajuda a manter a pele limpa e equilibrada, contribuindo para a prevenção de cravos e espinhas.  ✔ Limpeza profunda e suave ✔ Auxilia na prevenção da acne ✔ Remove o excesso de oleosidade ✔ Deixa a pele fresca e confortável ✔ Ideal para uso diário  Pele mais limpa, equilibrada e com aparência saudável todos os dias.",Sem Marca,32.61,1000,999,0.500,,,,3,"https://res.cloudinary.com/dw4j4tpub/image/upload/f_webp,q_auto/v1781765233/nikkeybox/products/biore-skin-care-facial-wash-acne-care-sa-hani/ivq7coag1zwnbbuwpouf.jpg","https://res.cloudinary.com/dw4j4tpub/image/upload/f_webp,q_auto/v1781765235/nikkeybox/products/biore-skin-care-facial-wash-acne-care-sa-hani/hzppfasmnhajch1firb0.jpg",,,,,,,
JE-COS-0021,JE-COS-0021,Bioré The Face Deep Moist Facial Wash,,Padrão,Cosméticos,"Espuma de limpeza facial com textura cremosa e suave, desenvolvida para limpar a pele sem ressecar. Sua fórmula hidratante ajuda a manter a umidade natural da pele, deixando-a macia, fresca e confortável após o uso.  ✔ Limpeza suave e eficaz ✔ Ajuda a manter a hidratação da pele ✔ Espuma cremosa e delicada ✔ Ideal para peles secas e normais ✔ Uso diário  Pele limpa, hidratada e com toque macio todos os dias.",Sem Marca,58.57,1800,999,0.500,,,,3,"https://res.cloudinary.com/dw4j4tpub/image/upload/f_webp,q_auto/v1781765772/nikkeybox/products/biore-the-face-deep-moist-facial-wash-es-jqwu/pobpwxzclrsuixx5magj.jpg","https://res.cloudinary.com/dw4j4tpub/image/upload/f_webp,q_auto/v1781765774/nikkeybox/products/biore-the-face-deep-moist-facial-wash-es-jqwu/hjktrdcxy49g4xuxohvr.jpg","https://res.cloudinary.com/dw4j4tpub/image/upload/f_webp,q_auto/v1781765775/nikkeybox/products/biore-the-face-deep-moist-facial-wash-es-jqwu/ai8uj8tfx8ibfeabe2xq.jpg",,,,,,
JE-COS-0022,JE-COS-0022,Bioré The Face Moist Facial Wash,,Padrão,Cosméticos,"Espuma de limpeza facial com textura cremosa que remove impurezas e o excesso de oleosidade sem ressecar a pele. Desenvolvida para peles mistas, ajuda a manter o equilíbrio entre hidratação e frescor.  ✔ Limpeza suave e eficaz ✔ Ajuda a controlar a oleosidade ✔ Mantém a hidratação natural da pele ✔ Espuma rica e cremosa ✔ Ideal para peles mistas  Pele limpa, equilibrada e confortável todos os dias.",Sem Marca,52.08,1600,999,0.500,,,,3,"https://res.cloudinary.com/dw4j4tpub/image/upload/f_webp,q_auto/v1781766059/nikkeybox/products/biore-the-face-moist-facial-wash-espuma--nbwu/misp87mi9gizonfggedw.jpg","https://res.cloudinary.com/dw4j4tpub/image/upload/f_webp,q_auto/v1781766061/nikkeybox/products/biore-the-face-moist-facial-wash-espuma--nbwu/qcbsgytedaz0svgwrjca.jpg","https://res.cloudinary.com/dw4j4tpub/image/upload/f_webp,q_auto/v1781766063/nikkeybox/products/biore-the-face-moist-facial-wash-espuma--nbwu/wkwp86raw1kharoaq0hk.jpg",,,,,,
JE-COS-0023,JE-COS-0023,Bioré The Face Oil Control Facial Wash,,Padrão,Cosméticos,"Espuma de limpeza facial desenvolvida para peles oleosas, removendo o excesso de sebo, impurezas e resíduos acumulados nos poros. Deixa a pele limpa, fresca e com sensação de suavidade sem ressecar.  ✔ Controle da oleosidade ✔ Limpeza profunda dos poros ✔ Ajuda a remover células mortas e impurezas ✔ Espuma cremosa e suave ✔ Ideal para peles oleosas  Pele limpa, fresca e com aparência equilibrada ao longo do dia.",Sem Marca,91.02,2800,999,0.500,,,,3,"https://res.cloudinary.com/dw4j4tpub/image/upload/f_webp,q_auto/v1781766424/nikkeybox/products/biore-the-face-oil-control-facial-wash-e-qfg9/fewfwiqjl0un6bonk1lo.jpg","https://res.cloudinary.com/dw4j4tpub/image/upload/f_webp,q_auto/v1781766426/nikkeybox/products/biore-the-face-oil-control-facial-wash-e-qfg9/d9l4l0kjqhvtyktqtizt.jpg","https://res.cloudinary.com/dw4j4tpub/image/upload/f_webp,q_auto/v1781766427/nikkeybox/products/biore-the-face-oil-control-facial-wash-e-qfg9/xwlhkemt60vcwpes4rb3.jpg",,,,,,
JE-COS-0024,JE-COS-0024,Bioré The Face Smooth Clear Facial Wash,,Padrão,Cosméticos,"Espuma de limpeza facial desenvolvida para remover impurezas, excesso de oleosidade e resíduos acumulados nos poros. Sua fórmula proporciona uma limpeza profunda, deixando a pele mais lisa, fresca e com toque suave.  ✔ Limpeza profunda dos poros ✔ Ajuda a remover oleosidade e impurezas ✔ Espuma cremosa e delicada ✔ Deixa a pele macia e renovada ✔ Ideal para uso diário  Pele limpa, suave e com aparência mais uniforme todos os dias.",Sem Marca,52.08,1600,999,0.500,,,,3,"https://res.cloudinary.com/dw4j4tpub/image/upload/f_webp,q_auto/v1781767061/nikkeybox/products/biore-the-face-smooth-clear-facial-wash-3qb7/wtwobrbxu8e5bgnfasue.jpg","https://res.cloudinary.com/dw4j4tpub/image/upload/f_webp,q_auto/v1781767064/nikkeybox/products/biore-the-face-smooth-clear-facial-wash-3qb7/lifjw5gltlqjfw4jqsxm.jpg","https://res.cloudinary.com/dw4j4tpub/image/upload/f_webp,q_auto/v1781767065/nikkeybox/products/biore-the-face-smooth-clear-facial-wash-3qb7/mue0qewgbsndqmchv6ey.jpg",,,,,,
JE-COS-0025,JE-COS-0025,Bioré UV Aqua Rich Watery Essence,,Padrão,Cosméticos,"Protetor solar facial e corporal com textura ultraleve e toque aquoso, que oferece alta proteção contra os raios UV sem deixar sensação pegajosa. Hidrata a pele e proporciona acabamento invisível e confortável para o uso diário.  ✔ FPS 50+ PA++++ ✔ Textura leve e de rápida absorção ✔ Não deixa resíduos brancos ✔ Hidrata e protege a pele ✔ Ideal para uso diário  Proteção solar intensa com sensação leve e refrescante.",Sem Marca,78.04,2400,999,0.500,,,,3,"https://res.cloudinary.com/dw4j4tpub/image/upload/f_webp,q_auto/v1781766846/nikkeybox/products/biore-uv/fk7qgmxpro3ccivquynt.jpg","https://res.cloudinary.com/dw4j4tpub/image/upload/f_webp,q_auto/v1781766848/nikkeybox/products/biore-uv/fxakt80whv6ilj8tezqf.jpg","https://res.cloudinary.com/dw4j4tpub/image/upload/f_webp,q_auto/v1781766849/nikkeybox/products/biore-uv/qcjcthtz9910bogdvv26.jpg",,,,,,
JE-COS-0026,JE-COS-0026,Bioré UV Aqua Rich Aqua Protect Lotion ,,Padrão,Cosméticos,"Protetor solar com textura ultraleve e aquosa que se espalha facilmente sobre a pele, proporcionando alta proteção contra os raios UV. Sua fórmula hidrata, não deixa resíduos brancos e oferece um acabamento confortável para o dia a dia.  ✔ FPS 50+ PA++++ ✔ Textura leve e refrescante ✔ Alta proteção UV ✔ Resistente à água e ao suor ✔ Ideal para rosto e corpo  Proteção intensa com sensação leve e confortável para todos os dias.",Sem Marca,78.04,2400,999,0.500,,,,3,"https://res.cloudinary.com/dw4j4tpub/image/upload/f_webp,q_auto/v1781767443/nikkeybox/products/biore-uv-aqua-rich-aqua-protect-lotion-2yb7/zvc2cq54xm6nrke1ro0v.jpg","https://res.cloudinary.com/dw4j4tpub/image/upload/f_webp,q_auto/v1781767445/nikkeybox/products/biore-uv-aqua-rich-aqua-protect-lotion-2yb7/qmotyxwjpnhx0evtoosz.jpg","https://res.cloudinary.com/dw4j4tpub/image/upload/f_webp,q_auto/v1781767446/nikkeybox/products/biore-uv-aqua-rich-aqua-protect-lotion-2yb7/kfhohadvbkjibm1cnjao.jpg","https://res.cloudinary.com/dw4j4tpub/image/upload/f_webp,q_auto/v1781767446/nikkeybox/products/biore-uv-aqua-rich-aqua-protect-lotion-2yb7/mz9ypyvnutuxtsk8ezub.jpg",,,,,
JE-COS-0027,JE-COS-0027,Bioré UV Aqua Rich Airy Hold Cream ,,Padrão,Cosméticos,"Protetor solar com textura cremosa e leve, desenvolvido para proporcionar alta proteção UV sem sensação pegajosa. Forma um véu confortável sobre a pele, ajudando a manter a hidratação e o toque suave ao longo do dia.  ✔ FPS 50+ PA++++ ✔ Textura leve e confortável ✔ Alta proteção contra raios UV ✔ Resistente à água e ao suor ✔ Ideal para rosto e corpo  Proteção diária com acabamento suave, hidratante e confortável.",Sem Marca,142.94,4400,999,0.500,,,,3,"https://res.cloudinary.com/dw4j4tpub/image/upload/f_webp,q_auto/v1781767775/nikkeybox/products/biore-uv-aqua-rich-aqua-protect-lotion-s-vc1s/gh8902dbuzqb6f6lugjz.jpg","https://res.cloudinary.com/dw4j4tpub/image/upload/f_webp,q_auto/v1781767778/nikkeybox/products/biore-uv-aqua-rich-aqua-protect-lotion-s-vc1s/lyaldn1tuqg3h6iwxhr8.jpg","https://res.cloudinary.com/dw4j4tpub/image/upload/f_webp,q_auto/v1781767778/nikkeybox/products/biore-uv-aqua-rich-aqua-protect-lotion-s-vc1s/tocsfb9z53trvm5zjnyi.jpg","https://res.cloudinary.com/dw4j4tpub/image/upload/f_webp,q_auto/v1781767778/nikkeybox/products/biore-uv-aqua-rich-aqua-protect-lotion-s-vc1s/py8ntw4nzk7yvd12kpk7.jpg",,,,,
JE-COS-0028,JE-COS-0028,Bioré UV Athlizm Protect Essence ,,Padrão,Cosméticos,"Protetor solar de alta performance desenvolvido para atividades ao ar livre e esportes. Sua fórmula resistente ao suor, água e atrito oferece proteção intensa contra os raios UV, mantendo a pele protegida e confortável por mais tempo.  ✔ FPS 50+ PA++++ ✔ Alta resistência à água e ao suor ✔ Ideal para esportes e atividades externas ✔ Textura leve e de rápida absorção ✔ Proteção duradoura sem sensação pegajosa  Máxima proteção para quem busca desempenho e cuidado diário com a pele.",Sem Marca,142.94,4400,999,0.500,,,,3,"https://res.cloudinary.com/dw4j4tpub/image/upload/f_webp,q_auto/v1781768304/nikkeybox/products/biore-uv-athlizm-skin-protect-essence-sp-ybci/mpgrn5icsahjv6zdsrsh.jpg","https://res.cloudinary.com/dw4j4tpub/image/upload/f_webp,q_auto/v1781768306/nikkeybox/products/biore-uv-athlizm-skin-protect-essence-sp-ybci/sx1vn8ysta5glwnvbrjx.jpg",,,,,,,
JE-COS-0029,JE-COS-0029,Bioré UV Aqua Rich Light Up Essence ,,Padrão,Cosméticos,"Protetor solar facial com efeito iluminador que ajuda a realçar a luminosidade natural da pele enquanto oferece alta proteção contra os raios UV. Sua textura leve proporciona acabamento radiante, uniforme e confortável para o uso diário.  ✔ FPS 50+ PA++++ ✔ Efeito iluminador natural ✔ Textura leve e de rápida absorção ✔ Pode ser usado como primer de maquiagem ✔ Alta proteção contra os raios UV  Pele protegida, radiante e com brilho natural todos os dias.",Sem Marca,78.04,2400,999,0.500,,,,3,"https://res.cloudinary.com/dw4j4tpub/image/upload/f_webp,q_auto/v1781769425/nikkeybox/products/biore-uv-perfect-milk-spf50-pa-r1rz/afwfswtd6jd32vsxlbkj.jpg","https://res.cloudinary.com/dw4j4tpub/image/upload/f_webp,q_auto/v1781769427/nikkeybox/products/biore-uv-perfect-milk-spf50-pa-r1rz/rk8feoxdj1d76rmbqvbf.jpg","https://res.cloudinary.com/dw4j4tpub/image/upload/f_webp,q_auto/v1781769428/nikkeybox/products/biore-uv-perfect-milk-spf50-pa-r1rz/jaee3tdtq8cfuigedhuc.jpg","https://res.cloudinary.com/dw4j4tpub/image/upload/f_webp,q_auto/v1781769428/nikkeybox/products/biore-uv-perfect-milk-spf50-pa-r1rz/nlsfwcuspesvghmuuec8.jpg",,,,,
JE-COS-0030,JE-COS-0030,Bioré UV Perfect Milk,,Padrão,Cosméticos,"Protetor solar com alta proteção UV e fórmula resistente à água, suor e oleosidade. Sua textura leve proporciona acabamento seco e confortável, ideal para o uso diário e atividades ao ar livre.  ✔ FPS 50+ PA++++ ✔ Alta resistência à água e ao suor ✔ Controle da oleosidade ✔ Toque seco e confortável ✔ Ideal para rosto e corpo  Proteção intensa com acabamento leve e duradouro para todos os dias.",Sem Marca,78.04,2400,999,0.500,,,,3,"https://res.cloudinary.com/dw4j4tpub/image/upload/f_webp,q_auto/v1781769658/nikkeybox/products/biore-uv-perfect-milk-xlxw/pfxw8rgc7zgzq1w9koxe.jpg","https://res.cloudinary.com/dw4j4tpub/image/upload/f_webp,q_auto/v1781769660/nikkeybox/products/biore-uv-perfect-milk-xlxw/zt4w1mxkoybwgcdwm0ew.jpg","https://res.cloudinary.com/dw4j4tpub/image/upload/f_webp,q_auto/v1781769660/nikkeybox/products/biore-uv-perfect-milk-xlxw/eqhiks82ndquwt8fmg6j.jpg",,,,,,
JE-DOC-0003,JE-DOC-0003,Black Thunder Caramel Butter Sand Mini Bar ,,Padrão,Doces & Chás,"Uma edição especial do famoso Black Thunder japonês que combina o sabor irresistível do caramelo amanteigado com a crocância característica da marca. Inspirado nos tradicionais biscoitos recheados de manteiga e caramelo, oferece uma experiência deliciosa e sofisticada.",Sem Marca,22.88,700,999,,,,,3,"https://res.cloudinary.com/dw4j4tpub/image/upload/f_webp,q_auto/v1781705779/nikkeybox/products/black-thunder-caramel-butter-sand-mini-b-cxne/nl0merpzfrjnvmd4ueda.webp","https://res.cloudinary.com/dw4j4tpub/image/upload/f_webp,q_auto/v1781705780/nikkeybox/products/black-thunder-caramel-butter-sand-mini-b-cxne/zh6lf62wma0mvxwcxjb1.webp",,,,,,,
JE-DOC-0004,JE-DOC-0004,Black Thunder Mini Bar – Chocolate Crocante ,,Padrão,Doces & Chás,"O Black Thunder é um dos chocolates mais populares do Japão, famoso por sua textura extremamente crocante e sabor intenso. Esta versão Mini Bar traz pequenas barras individuais perfeitas para compartilhar ou saborear a qualquer momento.",Sem Marca,22.88,700,999,0.002,,,,3,"https://res.cloudinary.com/dw4j4tpub/image/upload/f_webp,q_auto/v1781705782/nikkeybox/products/black-thunder-mini-bar-chocolate-crocant-myqc/tcwekazxfaeysc9gkj8n.webp","https://res.cloudinary.com/dw4j4tpub/image/upload/f_webp,q_auto/v1781705784/nikkeybox/products/black-thunder-mini-bar-chocolate-crocant-myqc/ewnuflluqicpj5xdchex.webp",,,,,,,
JE-DOC-0005,JE-DOC-0005,Calbee Jagarico Jaga Butter (Batata com Manteiga),,Padrão,Doces & Chás,"Experimente uma das versões mais populares do Jagarico! Feito com batatas reais e temperado com deliciosa manteiga de Hokkaido, este snack oferece uma textura super crocante e um sabor irresistível que conquista japoneses e turistas.",Sem Marca,13.14,400,999,,,,,3,"https://res.cloudinary.com/dw4j4tpub/image/upload/f_webp,q_auto/v1781705785/nikkeybox/products/calbee-jagarico-jaga-butter-batata-com-m-h64i/kmv5qkuoo6fjp0m40sbo.webp",,,,,,,,
JE-DOC-0006,JE-DOC-0006,Calbee Jagarico Salada,,Padrão,Doces & Chás,"Um dos snacks mais famosos do Japão! O Jagarico é feito com batatas reais e possui formato de palitos crocantes, oferecendo uma textura única e irresistível. A versão Salada é a mais tradicional da linha, combinando o sabor suave de vegetais com um toque leve de manteiga.",Sem Marca,13.14,400,999,0.500,,,,3,"https://res.cloudinary.com/dw4j4tpub/image/upload/f_webp,q_auto/v1781705787/nikkeybox/products/calbee-jagarico-salada-f9tw/rby3fsiqdrimkahonddh.webp","https://res.cloudinary.com/dw4j4tpub/image/upload/f_webp,q_auto/v1781705789/nikkeybox/products/calbee-jagarico-salada-f9tw/h30xcffmgpx4xn41opow.webp",,,,,,,
JE-DOC-0007,JE-DOC-0007,Calbee Jagarico Tarako Butter (Ovas de Bacalhau com Manteiga) ,,Padrão,Doces & Chás,Uma versão especial do famoso Jagarico que combina o sabor suave e levemente salgado das ovas de bacalhau (tarako) com a cremosidade da manteiga. Um snack japonês crocante e cheio de sabor!,Sem Marca,13.14,400,999,,,,,3,"https://res.cloudinary.com/dw4j4tpub/image/upload/f_webp,q_auto/v1781705787/nikkeybox/products/calbee-jagarico-tarako-butter-ovas-de-ba-jote/rhghjyz6to23qvstqdqp.webp",,,,,,,,
JE-DOC-0008,JE-DOC-0008,Caplico Giant Milk  10 unidade,,Padrão,Doces & Chás,"Experimente o delicioso Caplico Giant Milk, um dos snacks mais populares do Japão! Com uma textura única de chocolate aerado sabor leite, recheio de chocolate de cacau e uma casquinha crocante, ele proporciona uma experiência divertida e irresistível a cada mordida.  Ideal para quem ama doces japoneses diferenciados e quer experimentar um dos clássicos da marca Glico.",Sem Marca,149.43,4600,999,1.000,,,,3,"https://res.cloudinary.com/dw4j4tpub/image/upload/f_webp,q_auto/v1781705790/nikkeybox/products/caplico-giant-milk-6vt2/kjgpnct2sawhtubys5wc.webp","https://res.cloudinary.com/dw4j4tpub/image/upload/f_webp,q_auto/v1781705791/nikkeybox/products/caplico-giant-milk-6vt2/s055jefwlw2psyzptrth.webp",,,,,,,
JE-DOC-0009,JE-DOC-0009-small,Caplico Giant Morango 10 unidade,Opção,1 unidade,Doces & Chás,"Experimente o famoso Caplico Giant de Morango, um dos snacks mais queridos do Japão! Com formato divertido de sorvete, ele combina uma deliciosa camada de chocolate aerado sabor morango, recheio de chocolate e uma casquinha crocante que torna cada mordida irresistível.  Leve, saboroso e perfeito para quem ama doces japoneses diferentes e criativos.",Sem Marca,13.14,400,999,0.100,,,,3,"https://res.cloudinary.com/dw4j4tpub/image/upload/f_webp,q_auto/v1781705792/nikkeybox/products/caplico-giant-morango-4fyh/wy5zynrbvevr2wd9card.webp","https://res.cloudinary.com/dw4j4tpub/image/upload/f_webp,q_auto/v1781705794/nikkeybox/products/caplico-giant-morango-4fyh/umco9mdbfld3vmsag8ux.webp","https://res.cloudinary.com/dw4j4tpub/image/upload/f_webp,q_auto/v1781705796/nikkeybox/products/caplico-giant-morango-4fyh/njbrj71hb1ubkgbr3kch.webp",,,,,,
JE-DOC-0009,JE-DOC-0009-var-mr7x8tyj,Caplico Giant Morango 10 unidade,Opção,5 unidades,Doces & Chás,"Experimente o famoso Caplico Giant de Morango, um dos snacks mais queridos do Japão! Com formato divertido de sorvete, ele combina uma deliciosa camada de chocolate aerado sabor morango, recheio de chocolate e uma casquinha crocante que torna cada mordida irresistível.  Leve, saboroso e perfeito para quem ama doces japoneses diferentes e criativos.",Sem Marca,58.57,1800,999,0.100,,,,3,"https://res.cloudinary.com/dw4j4tpub/image/upload/f_webp,q_auto/v1781705792/nikkeybox/products/caplico-giant-morango-4fyh/wy5zynrbvevr2wd9card.webp","https://res.cloudinary.com/dw4j4tpub/image/upload/f_webp,q_auto/v1781705794/nikkeybox/products/caplico-giant-morango-4fyh/umco9mdbfld3vmsag8ux.webp","https://res.cloudinary.com/dw4j4tpub/image/upload/f_webp,q_auto/v1781705796/nikkeybox/products/caplico-giant-morango-4fyh/njbrj71hb1ubkgbr3kch.webp",,,,,,
JE-DOC-0009,JE-DOC-0009-var-mr7x94ab,Caplico Giant Morango 10 unidade,Opção,10 unidades,Doces & Chás,"Experimente o famoso Caplico Giant de Morango, um dos snacks mais queridos do Japão! Com formato divertido de sorvete, ele combina uma deliciosa camada de chocolate aerado sabor morango, recheio de chocolate e uma casquinha crocante que torna cada mordida irresistível.  Leve, saboroso e perfeito para quem ama doces japoneses diferentes e criativos.",Sem Marca,105.62,3250,999,0.100,,,,3,"https://res.cloudinary.com/dw4j4tpub/image/upload/f_webp,q_auto/v1781705792/nikkeybox/products/caplico-giant-morango-4fyh/wy5zynrbvevr2wd9card.webp","https://res.cloudinary.com/dw4j4tpub/image/upload/f_webp,q_auto/v1781705794/nikkeybox/products/caplico-giant-morango-4fyh/umco9mdbfld3vmsag8ux.webp","https://res.cloudinary.com/dw4j4tpub/image/upload/f_webp,q_auto/v1781705796/nikkeybox/products/caplico-giant-morango-4fyh/njbrj71hb1ubkgbr3kch.webp",,,,,,
JE-DOC-0010,JE-DOC-0010-small,Caplico no Atama Morango 10 unidade,Opção,1 unidade,Doces & Chás,"Se você ama o famoso Caplico japonês, vai se apaixonar pelo Caplico no Atama Morango! Esta versão traz apenas a parte mais deliciosa do tradicional doce em formato de sorvete: o topo de chocolate aerado sabor morango com base de chocolate.  Com textura leve, sabor frutado e um toque irresistível de chocolate, é uma opção perfeita para quem gosta de doces japoneses diferentes e divertidos.",Sem Marca,13.14,400,999,0.100,,,,3,"https://res.cloudinary.com/dw4j4tpub/image/upload/f_webp,q_auto/v1781705795/nikkeybox/products/caplico-no-atama-morango-zu1n/acmuyw549rbf5b43ztsf.webp",,,,,,,,
JE-DOC-0010,JE-DOC-0010-var-mr7xaaat,Caplico no Atama Morango 10 unidade,Opção,5 unidades,Doces & Chás,"Se você ama o famoso Caplico japonês, vai se apaixonar pelo Caplico no Atama Morango! Esta versão traz apenas a parte mais deliciosa do tradicional doce em formato de sorvete: o topo de chocolate aerado sabor morango com base de chocolate.  Com textura leve, sabor frutado e um toque irresistível de chocolate, é uma opção perfeita para quem gosta de doces japoneses diferentes e divertidos.",Sem Marca,58.57,1800,999,0.100,,,,3,"https://res.cloudinary.com/dw4j4tpub/image/upload/f_webp,q_auto/v1781705795/nikkeybox/products/caplico-no-atama-morango-zu1n/acmuyw549rbf5b43ztsf.webp",,,,,,,,
JE-DOC-0010,JE-DOC-0010-var-mr7xaht6,Caplico no Atama Morango 10 unidade,Opção,10 unidades,Doces & Chás,"Se você ama o famoso Caplico japonês, vai se apaixonar pelo Caplico no Atama Morango! Esta versão traz apenas a parte mais deliciosa do tradicional doce em formato de sorvete: o topo de chocolate aerado sabor morango com base de chocolate.  Com textura leve, sabor frutado e um toque irresistível de chocolate, é uma opção perfeita para quem gosta de doces japoneses diferentes e divertidos.",Sem Marca,104.00,3200,999,0.100,,,,3,"https://res.cloudinary.com/dw4j4tpub/image/upload/f_webp,q_auto/v1781705795/nikkeybox/products/caplico-no-atama-morango-zu1n/acmuyw549rbf5b43ztsf.webp",,,,,,,,
JE-COS-0031,JE-COS-0031,Celimax Retinal Shot Tightening Booster,,Padrão,Cosméticos,"Sérum concentrado com retinal e peptídeos, desenvolvido para ajudar a melhorar a firmeza, elasticidade e textura da pele. Sua fórmula auxilia no cuidado dos sinais de envelhecimento, deixando a pele mais uniforme e revitalizada.  ✔ Ajuda a melhorar a firmeza da pele ✔ Auxilia na redução da aparência de linhas finas ✔ Com retinal e peptídeos ✔ Textura leve e de rápida absorção ✔ Ideal para a rotina noturna de skincare  Pele mais firme, uniforme e com aparência renovada.",Sem Marca,181.88,5600,999,0.500,,,,3,"https://res.cloudinary.com/dw4j4tpub/image/upload/f_webp,q_auto/v1781769938/nikkeybox/products/celimax-retinal-shot-tightening-booster-wctm/xa3m2pd1i4n98bsc6qhp.jpg","https://res.cloudinary.com/dw4j4tpub/image/upload/f_webp,q_auto/v1781769940/nikkeybox/products/celimax-retinal-shot-tightening-booster-wctm/qi3sjdq3oldctjsqkxbl.jpg","https://res.cloudinary.com/dw4j4tpub/image/upload/f_webp,q_auto/v1781769941/nikkeybox/products/celimax-retinal-shot-tightening-booster-wctm/afwtqyvr2okqzolohief.jpg",,,,,,
JE-COS-0032,JE-COS-0032,Celimax Retinol Shot Tightening Serum,,Padrão,Cosméticos,"Sérum facial com retinol, peptídeos e pantenol, desenvolvido para ajudar a melhorar a firmeza, elasticidade e aparência das linhas finas. Possui textura leve e rápida absorção, deixando a pele mais uniforme e revitalizada.  ✔ Ajuda a melhorar a firmeza da pele ✔ Auxilia na redução de linhas finas ✔ Com retinol, peptídeos e pantenol ✔ Hidrata e fortalece a barreira da pele ✔ Ideal para uso noturno  Pele mais firme, lisa e com aparência rejuvenescida.",Sem Marca,181.88,5600,999,0.500,,,,3,"https://res.cloudinary.com/dw4j4tpub/image/upload/f_webp,q_auto/v1781770817/nikkeybox/products/celimax-retinol-shot-tightening-serum-yynj/aqcnauifxg579zzamg6w.jpg","https://res.cloudinary.com/dw4j4tpub/image/upload/f_webp,q_auto/v1781770819/nikkeybox/products/celimax-retinol-shot-tightening-serum-yynj/cdsqazppanfja6oggxe2.jpg",,,,,,,
JE-DOC-0011,JE-DOC-0011,Chá de Cevada Japonês (Mugicha) Ito En – 54 Sachês,,Padrão,Doces & Chás,"Refrescante e naturalmente sem cafeína, o tradicional chá de cevada japonês (Mugicha) é uma das bebidas mais consumidas no Japão. Produzido com grãos de cevada cuidadosamente torrados, oferece um sabor suave, aromático e agradável para toda a família.  ✨ Características:  * Chá de cevada torrada (Mugicha) * 100% livre de cafeína * Pode ser preparado com água fria ou quente * Sabor leve e refrescante * Ideal para consumo diário * Embalagem econômica com 54 sachês individuais  🍵 Modo de preparo: Adicione um sachê em água fria ou quente e deixe em infusão por alguns minutos até atingir a intensidade desejada.",Sem Marca,13.14,400,999,,,,,3,"https://res.cloudinary.com/dw4j4tpub/image/upload/f_webp,q_auto/v1781705801/nikkeybox/products/cha-de-cevada-japones-mugicha-ito-en-54--9n6i/rjxnnbg4oujyhvzgzylx.webp","https://res.cloudinary.com/dw4j4tpub/image/upload/f_webp,q_auto/v1781705804/nikkeybox/products/cha-de-cevada-japones-mugicha-ito-en-54--9n6i/cx2rcfxqk850hxnruxrs.webp",,,,,,,
JE-PET-0001,JE-PET-0001,CIAO Churu Frango com Peixe Bonito (Katsuo) – 45 Unidades,,Padrão,Pet,"Petisco cremoso premium para gatos, elaborado com frango (sasami) e peixe bonito (katsuo), combinando sabor irresistível e textura suave. Ideal para agradar os felinos mais exigentes, complementar a alimentação e fortalecer o vínculo entre tutor e pet.  🐱 Principais benefícios:  * Textura cremosa que os gatos adoram. * Feito com frango e peixe de alta qualidade. * Auxilia na hidratação diária. * Baixo teor calórico. * Pode ser servido puro ou misturado à ração. * Excelente opção para recompensar e mimar seu gato.  🐔🐟 Ingredientes em destaque:  * Frango Sasami: proteína magra e altamente palatável. * Peixe Bonito (Katsuo): sabor intenso e muito apreciado pelos felinos.  ✨ Diferenciais:  * Contém extrato de chá verde. * Produzido no Japão com rigorosos padrões de qualidade. * Embalagem econômica com 45 sachês individuais. * Fácil de servir e perfeito para momentos de interação.  🍽️ Modo de uso: Ofereça diretamente do sachê, em um recipiente ou misturado à ração seca ou úmida.  Conteúdo: 45 sachês de 14g cada.  Indicado para: Gatos adultos e filhotes que apreciam petiscos cremosos e saborosos.",Sem Marca,129.96,4000,999,,,,,3,"https://res.cloudinary.com/dw4j4tpub/image/upload/f_webp,q_auto/v1781705803/nikkeybox/products/ciao-churu-frango-com-peixe-bonito-katsu-ez6l/suiwnq5msfmbquim2ozj.webp","https://res.cloudinary.com/dw4j4tpub/image/upload/f_webp,q_auto/v1781705805/nikkeybox/products/ciao-churu-frango-com-peixe-bonito-katsu-ez6l/palcxx13zdr6syiu43vo.webp","https://res.cloudinary.com/dw4j4tpub/image/upload/f_webp,q_auto/v1781705808/nikkeybox/products/ciao-churu-frango-com-peixe-bonito-katsu-ez6l/nw82hy22waqe3aiytp8d.webp",,,,,,
JE-PET-0002,JE-PET-0002,CIAO Churu Maguro (Atum) com Caldo Dashi Tradicional – 45 Unidades,,Padrão,Pet,"Petisco cremoso premium para gatos, elaborado com atum (maguro) e caldo dashi tradicional japonês. Sua textura suave e sabor irresistível tornam este snack uma das opções favoritas dos felinos, ideal para recompensar, hidratar e fortalecer o vínculo entre tutor e pet.  🐱 Principais benefícios:  * Textura cremosa que os gatos adoram. * Feito com atum de alta qualidade. * Auxilia na hidratação diária. * Baixo teor calórico. * Pode ser servido puro ou sobre a ração. * Ideal para agradar gatos exigentes.  🐟 Ingredientes em destaque:  * Atum (Maguro): rico em sabor e altamente apreciado pelos gatos. * Caldo Dashi Tradicional: proporciona um sabor ainda mais especial e atrativo.  ✨ Diferenciais:  * Contém extrato de chá verde. * Produzido no Japão com rigorosos padrões de qualidade. * Embalagem econômica com 45 sachês individuais. * Excelente opção para enriquecer a alimentação do seu gato.  🍽️ Modo de uso: Ofereça diretamente do sachê, em um recipiente ou misturado à ração seca ou úmida.  Conteúdo: 45 sachês de 14g cada.  Indicado para: Gatos adultos e filhotes que apreciam petiscos cremosos e saborosos.",Sem Marca,142.94,4400,999,,,,,3,"https://res.cloudinary.com/dw4j4tpub/image/upload/f_webp,q_auto/v1781705809/nikkeybox/products/ciao-churu-maguro-atum-com-caldo-dashi-t-a6b4/gbzhgr8wsnjkdfsyvobx.webp","https://res.cloudinary.com/dw4j4tpub/image/upload/f_webp,q_auto/v1781705810/nikkeybox/products/ciao-churu-maguro-atum-com-caldo-dashi-t-a6b4/pwfmnq1nfkbackp7yrjt.webp","https://res.cloudinary.com/dw4j4tpub/image/upload/f_webp,q_auto/v1781705812/nikkeybox/products/ciao-churu-maguro-atum-com-caldo-dashi-t-a6b4/zrimcsphg32deaov0eqn.webp",,,,,,
JE-PET-0003,JE-PET-0003,CIAO Churu Sabor Bonito (Katsuo) – 45 Unidades,,Padrão,Pet,"Petisco cremoso premium para gatos, produzido no Japão com sabor de bonito (katsuo). Sua textura macia e altamente palatável faz sucesso entre gatos de todas as idades, sendo ideal como recompensa, complemento alimentar ou para fortalecer a interação entre tutor e pet.  🐱 Principais benefícios:  * Textura cremosa que os gatos adoram. * Alta palatabilidade e sabor irresistível. * Pode ser oferecido diretamente do sachê ou misturado à ração. * Auxilia na hidratação diária do gato. * Baixo teor calórico. * Ideal para agradar gatos exigentes.  🐟 Ingrediente em destaque:  * Bonito (Katsuo): peixe rico em sabor e muito apreciado pelos felinos.  ✨ Diferenciais:  * Contém extrato de chá verde. * Produzido no Japão com rigorosos padrões de qualidade. * Embalagem econômica com 45 sachês individuais de 14g.  🍽️ Modo de uso: Ofereça como petisco entre as refeições ou como complemento alimentar. Pode ser servido diretamente do sachê ou sobre a ração.  Conteúdo: 45 sachês de 14g cada.  Indicado para: Gatos adultos e filhotes que apreciam petiscos cremosos e saborosos.",Sem Marca,136.45,4200,999,,,,,3,"https://res.cloudinary.com/dw4j4tpub/image/upload/f_webp,q_auto/v1781705811/nikkeybox/products/ciao-churu-sabor-bonito-katsuo-45-unidad-6xpp/pwr6bv0v0gulbw5b5lhm.webp","https://res.cloudinary.com/dw4j4tpub/image/upload/f_webp,q_auto/v1781705813/nikkeybox/products/ciao-churu-sabor-bonito-katsuo-45-unidad-6xpp/dslq3upwwt3j9ttynrrs.webp","https://res.cloudinary.com/dw4j4tpub/image/upload/f_webp,q_auto/v1781705815/nikkeybox/products/ciao-churu-sabor-bonito-katsuo-45-unidad-6xpp/clkbot2ofcvxfjgbymhw.webp",,,,,,
JE-COS-0033,JE-COS-0033,8x4 MEN Roll-On Antitranspirante ,,Padrão,Cosméticos,Desodorante roll-on masculino que ajuda a controlar o suor e o mau odor por longas horas. Sua fórmula sem fragrância oferece proteção eficaz sem interferir no perfume ou colônia.  ✔ Controle do suor e do odor ✔ Sem fragrância ✔ Sensação de frescor e conforto ✔ Secagem rápida ✔ Ideal para uso diário  Proteção duradoura para manter a confiança o dia todo.,Sem Marca,45.59,1400,999,0.500,,,,3,"https://res.cloudinary.com/dw4j4tpub/image/upload/f_webp,q_auto/v1781771065/nikkeybox/products/desodorante-roll-on-8x4-para-homens-60ml-a4za/lez9dyp4pefqw1dp0kjn.jpg","https://res.cloudinary.com/dw4j4tpub/image/upload/f_webp,q_auto/v1781771067/nikkeybox/products/desodorante-roll-on-8x4-para-homens-60ml-a4za/khry2uctwzilt1jekilf.jpg",,,,,,,
JE-PET-0004,JE-PET-0004,Doggyman Hitokuchi Dice Mix – Petisco para Cães 300g,,Padrão,Pet,"Petisco japonês para cães em formato de cubinhos macios, ideal para treinamento, recompensas e lanches entre as refeições. Produzido pela Doggyman, uma das marcas pet mais tradicionais do Japão, oferece uma combinação deliciosa de sabores que agrada cães de todos os portes.  🐶 Principais benefícios:  * Cubos macios e fáceis de mastigar. * Ideal para treinamento e recompensas diárias. * Tamanho perfeito para oferecer em pequenas porções. * Alta palatabilidade e sabor irresistível. * Pode ser utilizado como agrado ou complemento alimentar. * Embalagem prática para conservar a qualidade do produto.  🥩 Sabores variados:  * Frango com queijo. * Espinafre com batata-doce. * Leite com queijo.  ✨ Diferenciais:  * Produzido no Japão. * Textura macia adequada para cães de diferentes idades. * Perfeito para reforço positivo durante o adestramento. * Mistura de sabores para tornar cada recompensa mais especial.  🍽️ Modo de uso: Ofereça como petisco entre as refeições ou durante sessões de treinamento. Ajuste a quantidade de acordo com o porte e a rotina do seu cão.  Conteúdo: 300g  Indicado para: Cães de todos os portes e raças.",Sem Marca,32.61,1000,999,,,,,3,"https://res.cloudinary.com/dw4j4tpub/image/upload/f_webp,q_auto/v1781705817/nikkeybox/products/doggyman-hitokuchi-dice-mix-petisco-para-ulx3/fnshsq13pgmowfe8v8oz.webp","https://res.cloudinary.com/dw4j4tpub/image/upload/f_webp,q_auto/v1781705819/nikkeybox/products/doggyman-hitokuchi-dice-mix-petisco-para-ulx3/buoxqm3phhfhe1iwpxnr.webp","https://res.cloudinary.com/dw4j4tpub/image/upload/f_webp,q_auto/v1781705821/nikkeybox/products/doggyman-hitokuchi-dice-mix-petisco-para-ulx3/zbr6acrefgernlbrinua.webp","https://res.cloudinary.com/dw4j4tpub/image/upload/f_webp,q_auto/v1781705824/nikkeybox/products/doggyman-hitokuchi-dice-mix-petisco-para-ulx3/feuiipr8uugrcvktbh5n.webp",,,,,
JE-PET-0005,JE-PET-0005,Doggyman Hitokuchi Dice Sasami.  com Queijo – Petisco para Cães 300g 3 Unidade ,,Padrão,Pet,"Petisco japonês premium para cães, feito com frango sasami (peito de frango) e queijo, cortado em pequenos cubos macios que facilitam o consumo e o treinamento. Ideal para recompensar seu cão no dia a dia com muito sabor e praticidade.  🐶 Principais benefícios:  * Cubinhos macios e fáceis de mastigar. * Rico em proteína de frango. * Ideal para treinamento e recompensas. * Alta palatabilidade, mesmo para cães mais exigentes. * Tamanho perfeito para oferecer em pequenas porções. * Ajuda a fortalecer o vínculo entre tutor e pet.  🧀🐔 Ingredientes em destaque:  * Frango Sasami: proteína magra e saborosa. * Queijo: adiciona um sabor especial que os cães adoram.  ✨ Diferenciais:  * Produzido no Japão. * Textura macia, adequada para cães de diferentes idades. * Fácil de transportar para passeios e treinamentos. * Embalagem com fechamento prático para conservar a qualidade do produto.  🍽️ Modo de uso: Ofereça como petisco entre as refeições ou durante sessões de adestramento. Ajuste a quantidade de acordo com o porte e a atividade do animal.  Conteúdo: 300g  Indicado para: Cães de todos os portes e raças.",Sem Marca,97.51,3000,999,,,,,3,"https://res.cloudinary.com/dw4j4tpub/image/upload/f_webp,q_auto/v1781705821/nikkeybox/products/doggyman-hitokuchi-dice-sasami-com-queij-yyz8/hvm6elkgngc8bkgafws8.webp","https://res.cloudinary.com/dw4j4tpub/image/upload/f_webp,q_auto/v1781705824/nikkeybox/products/doggyman-hitokuchi-dice-sasami-com-queij-yyz8/al9sngua7e6lnwz8y2on.webp","https://res.cloudinary.com/dw4j4tpub/image/upload/f_webp,q_auto/v1781705828/nikkeybox/products/doggyman-hitokuchi-dice-sasami-com-queij-yyz8/ntr2ezb994ohxlkqswse.webp","https://res.cloudinary.com/dw4j4tpub/image/upload/f_webp,q_auto/v1781705831/nikkeybox/products/doggyman-hitokuchi-dice-sasami-com-queij-yyz8/yhmdwqu0jxnirvvoczeg.webp","https://res.cloudinary.com/dw4j4tpub/image/upload/f_webp,q_auto/v1781705835/nikkeybox/products/doggyman-hitokuchi-dice-sasami-com-queij-yyz8/oiditlhwhqvqbxoonkur.webp",,,,
JE-PET-0006,JE-PET-0006,Doggyman Petisco de Língua Bovina – 300g,,Padrão,Pet,"Petisco premium japonês para cães, elaborado com língua bovina e ingredientes selecionados para proporcionar sabor irresistível e uma textura macia. Ideal para recompensar, treinar ou oferecer como agrado especial ao seu melhor amigo.  🐶 Principais benefícios:  * Feito com língua bovina de alta qualidade. * Textura macia e fácil de mastigar. * Alta palatabilidade, agradando até os cães mais exigentes. * Ideal para treinamento e recompensas diárias. * Auxilia na diversão e enriquecimento da rotina do pet. * Sem conservantes, corantes ou antioxidantes artificiais.  🥩 Ingrediente em destaque:  * Língua Bovina: rica em sabor e muito apreciada pelos cães.  ✨ Diferenciais:  * Contém glucosamina, condroitina e colágeno. * Produzido no Japão. * Embalagem econômica com 300g. * Dividido em 3 pacotes de 100g para melhor conservação. * Textura suave que facilita o consumo.  🍽️ Modo de uso: Ofereça como petisco entre as refeições ou como recompensa durante o treinamento. Ajuste a quantidade conforme o porte e a rotina do seu cão.  Conteúdo: 300g (3 embalagens de 100g).  Indicado para: Cães de todos os portes e raças.",Sem Marca,58.57,1800,999,,,,,3,"https://res.cloudinary.com/dw4j4tpub/image/upload/f_webp,q_auto/v1781705827/nikkeybox/products/doggyman-petisco-de-lingua-bovina-300g-4uj3/njeto41bpckfl0sqvcz7.webp","https://res.cloudinary.com/dw4j4tpub/image/upload/f_webp,q_auto/v1781705831/nikkeybox/products/doggyman-petisco-de-lingua-bovina-300g-4uj3/nfxkhqddpnlhy3bxbnez.webp","https://res.cloudinary.com/dw4j4tpub/image/upload/f_webp,q_auto/v1781705833/nikkeybox/products/doggyman-petisco-de-lingua-bovina-300g-4uj3/t711nyniiuxmiwubf5s6.webp","https://res.cloudinary.com/dw4j4tpub/image/upload/f_webp,q_auto/v1781705836/nikkeybox/products/doggyman-petisco-de-lingua-bovina-300g-4uj3/jzhw6ixxebxtkxpernf5.webp","https://res.cloudinary.com/dw4j4tpub/image/upload/f_webp,q_auto/v1781705839/nikkeybox/products/doggyman-petisco-de-lingua-bovina-300g-4uj3/htlss7mfw0odtuw55vam.webp",,,,
JE-PET-0007,JE-PET-0007,Doggyman Soft Slicker Brush S – Escova Removedora de Pelos para Cães e Gatos,,Padrão,Pet,"Escova japonesa desenvolvida para remover pelos soltos, desembaraçar a pelagem e manter cães e gatos sempre bem cuidados. Suas cerdas finas com pontas protegidas ajudam a alcançar os pelos mortos sem agredir a pele do animal, proporcionando uma escovação confortável e eficiente.  🐶🐱 Principais benefícios:  * Remove pelos soltos e mortos com facilidade. * Ajuda a prevenir nós e emaranhados. * Mantém a pelagem mais limpa, macia e saudável. * Proporciona uma massagem suave durante a escovação. * Reduz o acúmulo de pelos pela casa. * Ideal para cuidados diários.  ✨ Diferenciais:  * Cerdas macias com pontas arredondadas para maior conforto. * Sistema prático para remoção dos pelos acumulados na escova. * Cabo ergonômico com acabamento antiderrapante. * Tratamento antibacteriano no material. * Produzida pela tradicional marca japonesa Doggyman.  🫧 Modo de uso: Escove delicadamente no sentido do crescimento dos pelos. Após o uso, remova os pelos acumulados na escova para mantê-la sempre limpa.  📦 Conteúdo: 1 escova Doggyman Soft Slicker Brush S.  Indicado para: Cães e gatos de pequeno e médio porte, especialmente com pelos médios ou longos.",Sem Marca,110.49,3400,999,,,,,3,"https://res.cloudinary.com/dw4j4tpub/image/upload/f_webp,q_auto/v1781705839/nikkeybox/products/doggyman-soft-slicker-brush-s-escova-rem-g065/q0mrw8qoyyjxsvb2zfou.webp","https://res.cloudinary.com/dw4j4tpub/image/upload/f_webp,q_auto/v1781705841/nikkeybox/products/doggyman-soft-slicker-brush-s-escova-rem-g065/e3g7bh4nhz6gq0ihvowo.webp","https://res.cloudinary.com/dw4j4tpub/image/upload/f_webp,q_auto/v1781705843/nikkeybox/products/doggyman-soft-slicker-brush-s-escova-rem-g065/yudmp1ngfe5usgsqlumj.webp","https://res.cloudinary.com/dw4j4tpub/image/upload/f_webp,q_auto/v1781705845/nikkeybox/products/doggyman-soft-slicker-brush-s-escova-rem-g065/bglx0prsmqbo634flrcf.webp","https://res.cloudinary.com/dw4j4tpub/image/upload/f_webp,q_auto/v1781705847/nikkeybox/products/doggyman-soft-slicker-brush-s-escova-rem-g065/oyk58gxsbwzv2c2e5pe1.webp",,,,
JE-COS-0185,JE-COS-0185,Elizavecca CER-100 Collagen Ceramide Coating Protein Treatment – 100 ml,,Padrão,Cosméticos,"Tratamento capilar intensivo desenvolvido para reparar cabelos secos, danificados e quimicamente tratados. Sua fórmula com colágeno, ceramidas e proteínas ajuda a fortalecer a fibra capilar, reduzindo o ressecamento, a quebra e o frizz, deixando os fios mais macios, brilhantes e saudáveis.  ✨ Benefícios:  * Repara cabelos danificados e fragilizados. * Hidrata profundamente e nutre os fios. * Fortalece a fibra capilar, reduzindo a quebra. * Controla o frizz e melhora a maciez. * Proporciona brilho intenso e toque sedoso.  📌 Modo de usar: Após lavar os cabelos, aplique no comprimento e nas pontas, deixe agir de 5 a 20 minutos e enxágue. Pode ser usado de 1 a 2 vezes por semana, conforme a necessidade dos fios.",Sem Marca,70.90,2180,999,0.500,,,,3,,,,,,,,,"IMAGEM LOCAL (base64) — precisa subir a foto manualmente, URL não disponível"
JE-COS-0184,JE-COS-0184,Elizavecca CER-100 Collagen Coating Hair Muscle Spray – 200 ml,,Padrão,Cosméticos,"Spray leave-in enriquecido com colágeno hidrolisado e proteínas, desenvolvido para hidratar, fortalecer e proteger os fios. Forma uma camada protetora que ajuda a reduzir o frizz, controlar o ressecamento e deixar o cabelo mais macio, brilhante e fácil de pentear.  ✨ Benefícios:  * Hidrata e nutre os fios sem pesar. * Ajuda a reparar cabelos danificados. * Reduz o frizz e melhora o brilho. * Protege contra o calor do secador e da chapinha. * Facilita o desembaraço e deixa os cabelos mais sedosos.  📌 Modo de usar: Borrife nos cabelos úmidos ou secos, concentrando o produto no comprimento e nas pontas. Não é necessário enxaguar. Pode ser usado diariamente.",Sem Marca,102.38,3150,999,0.500,,,,3,,,,,,,,,"IMAGEM LOCAL (base64) — precisa subir a foto manualmente, URL não disponível"
JE-PET-0008,JE-PET-0008,Escova Massageadora para Cães e Gatos,,Padrão,Pet,"Escova desenvolvida para remover pelos soltos, desembaraçar e proporcionar uma agradável massagem durante a escovação. Suas cerdas com pontas arredondadas ajudam a cuidar da pelagem sem machucar a pele do pet, tornando o momento de higiene mais confortável e relaxante.  🐶🐱 Principais benefícios:  * Remove pelos mortos e reduz a queda de pelos pela casa. * Ajuda a desembaraçar nós e emaranhados. * Estimula a circulação através da massagem suave. * Mantém a pelagem mais bonita e saudável. * Fácil de usar e limpar. * Cabo anatômico para maior conforto durante o uso.  ✨ Diferenciais:  * Cerdas flexíveis com pontas protetoras. * Design ergonômico e leve. * Ideal para uso diário. * Adequada para cães e gatos de diversos portes.  🫧 Modo de uso: Escove suavemente no sentido do crescimento dos pelos. Utilize regularmente para manter a pelagem limpa, macia e livre de pelos soltos.  Indicado para: Cães e gatos de pelo curto, médio ou longo.  📦 Conteúdo: 1 escova massageadora para pets.",Sem Marca,149.43,4600,999,,,,,3,"https://res.cloudinary.com/dw4j4tpub/image/upload/f_webp,q_auto/v1781705841/nikkeybox/products/escova-massageadora-para-caes-e-gatos-pmm7/smrvj5mryxu6ha0ysrbi.webp","https://res.cloudinary.com/dw4j4tpub/image/upload/f_webp,q_auto/v1781705843/nikkeybox/products/escova-massageadora-para-caes-e-gatos-pmm7/wo2qf7xmqjffkj7vu3ak.webp","https://res.cloudinary.com/dw4j4tpub/image/upload/f_webp,q_auto/v1781705847/nikkeybox/products/escova-massageadora-para-caes-e-gatos-pmm7/f5folxgs8q1nn3fgwyra.webp","https://res.cloudinary.com/dw4j4tpub/image/upload/f_webp,q_auto/v1781705849/nikkeybox/products/escova-massageadora-para-caes-e-gatos-pmm7/r8ysodqfevvcf6leiv7w.webp",,,,,
JE-COS-0034,JE-COS-0034,Eyebon W Vitamin Eye Wash 500ml,,Padrão,Cosméticos,"Solução japonesa para lavagem dos olhos, desenvolvida para remover impurezas, poeira, resíduos de maquiagem e aliviar o cansaço ocular. Enriquecida com vitaminas B6 e B12, ajuda a refrescar e cuidar dos olhos após um longo dia.  ✔ Limpeza suave dos olhos ✔ Com vitaminas B6 e B12 ✔ Sensação refrescante e confortável ✔ Auxilia na remoção de impurezas e resíduos ✔ Ideal para uso após retirar as lentes de contato  Olhos limpos, refrescados e com sensação de bem-estar todos os dias.",Sem Marca,97.51,3000,999,1.500,,,,3,"https://res.cloudinary.com/dw4j4tpub/image/upload/f_webp,q_auto/v1781771395/nikkeybox/products/eyebon-w-vitamin-500ml-lavagem-e-higiene-o336/upumslpdeitbudfr8yud.jpg","https://res.cloudinary.com/dw4j4tpub/image/upload/f_webp,q_auto/v1781771397/nikkeybox/products/eyebon-w-vitamin-500ml-lavagem-e-higiene-o336/aouaem57vpqjqijowszf.jpg","https://res.cloudinary.com/dw4j4tpub/image/upload/f_webp,q_auto/v1781771398/nikkeybox/products/eyebon-w-vitamin-500ml-lavagem-e-higiene-o336/q6ifiph9szdix3zyqjd3.jpg",,,,,,
JE-COS-0035,JE-COS-0035,Fino Premium Touch  hair mask (230g),,Padrão,Cosméticos,"Máscara capilar japonesa de tratamento intensivo que hidrata profundamente e ajuda a reparar os danos causados por químicas, calor e ressecamento. Deixa os fios mais macios, brilhantes e fáceis de pentear.  ✔ Hidratação profunda ✔ Repara cabelos danificados ✔ Reduz o frizz e o ressecamento ✔ Deixa os fios macios e brilhantes ✔ Ideal para todos os tipos de cabelo  Cabelos sedosos, saudáveis e com brilho intenso desde a primeira aplicação.",Sem Marca,47.21,1450,999,0.500,,,,3,"https://res.cloudinary.com/dw4j4tpub/image/upload/f_webp,q_auto/v1781771706/nikkeybox/products/fino-premium-touch-hair-mask-mascara-cap-9yty/duwtmowkfkxfn5dxaqiu.jpg","https://res.cloudinary.com/dw4j4tpub/image/upload/f_webp,q_auto/v1781771706/nikkeybox/products/fino-premium-touch-hair-mask-mascara-cap-9yty/g84t4xyf4gxwptv8bhu8.jpg","https://res.cloudinary.com/dw4j4tpub/image/upload/f_webp,q_auto/v1783952741/nikkeybox/products/fino-premium-touch-hair-mask-mascara-cap-9yty/zw1pctvrifqfdplmvqkt.jpg",,,,,,"IMAGEM LOCAL (base64) — precisa subir a foto manualmente, URL não disponível"
JE-COS-0036,JE-COS-0036,Fino Premium Touch Hair Mask Refil,,Padrão,Cosméticos,"Versão refil da famosa máscara capilar japonesa Fino Premium Touch. Proporciona hidratação intensa, reparação dos fios danificados e brilho duradouro, deixando o cabelo mais macio, sedoso e saudável.  ✔ Reposição econômica da máscara Fino ✔ Hidratação profunda e nutrição intensa ✔ Ajuda a reparar danos e pontas ressecadas ✔ Reduz o frizz e melhora a maciez ✔ Ideal para cabelos secos ou quimicamente tratados  Cabelos mais fortes, brilhantes e sedosos a cada aplicação.",Sem Marca,175.39,5400,999,1.500,,,,3,"https://res.cloudinary.com/dw4j4tpub/image/upload/f_webp,q_auto/v1781771982/nikkeybox/products/fino-premium-touch-hair-mask-refil-700g-8jwd/mgoodeuhp2uqmfakajg3.jpg",,,,,,,,
JE-COS-0037,JE-COS-0037,Fino Premium Touch Hair Oil,,Padrão,Cosméticos,"Óleo capilar japonês desenvolvido para hidratar, nutrir e proteger os fios contra o ressecamento. Sua fórmula leve ajuda a controlar o frizz, proporciona brilho intenso e deixa o cabelo macio sem pesar.  ✔ Nutrição e hidratação dos fios ✔ Controle do frizz ✔ Brilho intenso e toque sedoso ✔ Textura leve, sem efeito oleoso ✔ Ideal para cabelos secos e danificados  Cabelos mais macios, alinhados e radiantes todos os dias.",Sem Marca,76.42,2350,999,0.500,,,,3,"https://res.cloudinary.com/dw4j4tpub/image/upload/f_webp,q_auto/v1781772333/nikkeybox/products/fino-premium-touch-hair-oil-oleo-capilar-cyhb/jb18srg5eeby5bghsalf.jpg","https://res.cloudinary.com/dw4j4tpub/image/upload/f_webp,q_auto/v1781772335/nikkeybox/products/fino-premium-touch-hair-oil-oleo-capilar-cyhb/ea1ehn7dvhjkym59lvhi.jpg","https://res.cloudinary.com/dw4j4tpub/image/upload/f_webp,q_auto/v1781772336/nikkeybox/products/fino-premium-touch-hair-oil-oleo-capilar-cyhb/grrnfrb8ghgpjxqtxbq2.jpg",,,,,,
JE-COS-0038,JE-COS-0038,Fino Premium Touch Hair Oil Serum Airy Smooth,,Padrão,Cosméticos,"Sérum capilar leve que ajuda a hidratar, controlar o frizz e deixar os fios mais soltos e sedosos. Sua fórmula não pesa nos cabelos, proporcionando brilho natural e toque macio.  ✔ Hidratação leve e duradoura ✔ Controle do frizz e dos fios arrepiados ✔ Brilho natural e toque sedoso ✔ Não deixa os cabelos pesados ✔ Ideal para uso diário  Fios leves, alinhados e com movimento natural todos os dias.",Sem Marca,84.53,2600,999,0.500,,,,3,"https://res.cloudinary.com/dw4j4tpub/image/upload/f_webp,q_auto/v1781772565/nikkeybox/products/fino-premium-touch-hair-oil-serum-airy-s-b8yc/g6xnz78okegkovmuetdr.jpg","https://res.cloudinary.com/dw4j4tpub/image/upload/f_webp,q_auto/v1781772567/nikkeybox/products/fino-premium-touch-hair-oil-serum-airy-s-b8yc/dm55cfcapumu7q7asun0.jpg",,,,,,,
JE-COS-0039,JE-COS-0039,Kit Fino Premium Touch Shampoo + Condicionador,,Padrão,Cosméticos,"Kit de cuidados capilares desenvolvido para limpar, hidratar e nutrir os fios diariamente. Sua fórmula com sérum de beleza ajuda a deixar os cabelos mais macios, brilhantes e saudáveis, reduzindo o ressecamento e o frizz.  ✔ Limpeza suave e eficaz ✔ Hidratação e nutrição dos fios ✔ Cabelos mais macios e sedosos ✔ Brilho intenso e toque suave ✔ Ideal para uso diário  Um cuidado completo para cabelos mais fortes, saudáveis e radiantes.",Sem Marca,194.86,6000,999,1.500,,,,3,"https://res.cloudinary.com/dw4j4tpub/image/upload/f_webp,q_auto/v1781772792/nikkeybox/products/fino-premium-touch-shampoo-conditioner-k-p157/q7thomxibesy3nuqxkqo.jpg",,,,,,,,
JE-DOC-0013,JE-DOC-0013,Furikake Marumiya Noritama,,Padrão,Doces & Chás,"O Noritama é um dos furikakes mais tradicionais e populares do Japão. Feito com uma deliciosa combinação de alga nori crocante, ovo temperado e ingredientes selecionados, transforma qualquer refeição em uma experiência saborosa e prática.  ✨ Características:  * Tradicional furikake japonês sabor alga e ovo * Textura crocante e sabor suave * Ideal para arroz, onigiri, macarrão e bentôs * Fonte de cálcio proveniente das algas * Embalagem econômica com fechamento reutilizável  🍚 Como usar: Basta polvilhar sobre arroz quente, mingaus, macarrão, saladas ou utilizar como recheio de onigiri.",Sem Marca,22.88,700,999,,,,,3,"https://res.cloudinary.com/dw4j4tpub/image/upload/f_webp,q_auto/v1781705855/nikkeybox/products/furikake-marumiya-noritama-2-unidade-0oix/yoqkwd8hldqml8j2vxks.webp","https://res.cloudinary.com/dw4j4tpub/image/upload/f_webp,q_auto/v1781705857/nikkeybox/products/furikake-marumiya-noritama-2-unidade-0oix/lpb3rn05yuzrn31jvbcn.webp","https://res.cloudinary.com/dw4j4tpub/image/upload/f_webp,q_auto/v1781705860/nikkeybox/products/furikake-marumiya-noritama-2-unidade-0oix/juqtrgl7ou6e5mgzovw0.webp",,,,,,
JE-COS-0040,JE-COS-0040,Gatsby Moist-Type Shaving Gel,,Padrão,Cosméticos,"Gel de barbear hidratante que proporciona um deslizar suave da lâmina, ajudando a reduzir irritações e o ressecamento da pele. Sua fórmula com agentes hidratantes deixa a pele macia e confortável após o barbear.  ✔ Barbear suave e preciso ✔ Ajuda a prevenir irritações ✔ Hidrata e protege a pele ✔ Textura transparente para melhor visualização ✔ Ideal para uso diário  Mais conforto, hidratação e praticidade para o seu barbear.",Sem Marca,32.61,1000,999,0.500,,,,3,"https://res.cloudinary.com/dw4j4tpub/image/upload/f_webp,q_auto/v1781773026/nikkeybox/products/gatsby-moist-type-shaving-gel-gel-de-bar-2q42/x891sd79chuonersypep.jpg","https://res.cloudinary.com/dw4j4tpub/image/upload/f_webp,q_auto/v1781773028/nikkeybox/products/gatsby-moist-type-shaving-gel-gel-de-bar-2q42/l8sx73qqbelizx0uj5up.jpg","https://res.cloudinary.com/dw4j4tpub/image/upload/f_webp,q_auto/v1781773029/nikkeybox/products/gatsby-moist-type-shaving-gel-gel-de-bar-2q42/bpkcb3znclqs9ho7xy93.jpg",,,,,,
JE-DOC-0015,JE-DOC-0015,Glico Pretz Roast Salt Butter ,,Padrão,Doces & Chás,"Experimente o delicioso Pretz sabor manteiga tostada com sal da Glico! Um snack japonês assado e crocante que combina o sabor intenso da manteiga dourada com um leve toque salgado, proporcionando uma experiência única e irresistível.  ✅ Sabor de manteiga tostada e sal ✅ Palitos assados e crocantes ✅ Contém grãos integrais ✅ Embalagem com 2 pacotes internos ✅ Importado do Japão",Sem Marca,22.88,700,999,,,,,3,"https://res.cloudinary.com/dw4j4tpub/image/upload/f_webp,q_auto/v1781705862/nikkeybox/products/glico-pretz-roast-salt-butter-palitos-cr-x8u6/vntznuhbvnutpjuju4ks.webp","https://res.cloudinary.com/dw4j4tpub/image/upload/f_webp,q_auto/v1781705864/nikkeybox/products/glico-pretz-roast-salt-butter-palitos-cr-x8u6/ap8kzsjnhzllj527dy21.webp",,,,,,,
JE-DOC-0016,JE-DOC-0016,Glico Pretz Salada – Palitos Crocantes ,,Padrão,Doces & Chás,"O clássico snack japonês da Glico! Os Pretz são palitos assados super crocantes, temperados com uma combinação equilibrada de vegetais e sal marinho, proporcionando um sabor leve e irresistível.  Características: ✨ Palitos assados e crocantes. ✨ Tempero sabor salada com toque de vegetais. ✨ Feito com sal marinho de alta qualidade. ✨ Embalagem prática com 2 pacotes internos. ✨ Ideal para lanches, viagens ou compartilhar.",Sem Marca,16.39,500,999,,,,,3,"https://res.cloudinary.com/dw4j4tpub/image/upload/f_webp,q_auto/v1781705864/nikkeybox/products/glico-pretz-salada-palitos-crocantes-xybn/a5j2xoqafyq64bkqw73q.webp","https://res.cloudinary.com/dw4j4tpub/image/upload/f_webp,q_auto/v1781705866/nikkeybox/products/glico-pretz-salada-palitos-crocantes-xybn/jy1rgta2axw8ottlg7h0.webp",,,,,,,
JE-DOC-0017,JE-DOC-0017,Glico Pretz Tomato – Palitos Crocantes,,Padrão,Doces & Chás,"Uma deliciosa versão dos famosos Pretz japoneses! Feitos com tomate e um toque de azeite de oliva extra virgem, esses palitos assados oferecem um sabor rico, levemente adocicado e muito crocante.  Características: ✨ Palitos assados super crocantes. ✨ Sabor intenso de tomate. ✨ Preparado com azeite de oliva extra virgem. ✨ Embalagem com 2 pacotes internos. ✨ Perfeito para lanches rápidos e práticos.",Sem Marca,22.88,700,999,,,,,3,"https://res.cloudinary.com/dw4j4tpub/image/upload/f_webp,q_auto/v1781705867/nikkeybox/products/glico-pretz-tomato-palitos-crocantes-0ie9/axcizw99mjd0zq9ztyfk.webp","https://res.cloudinary.com/dw4j4tpub/image/upload/f_webp,q_auto/v1781705870/nikkeybox/products/glico-pretz-tomato-palitos-crocantes-0ie9/igclbjm8qshmazgicd6c.webp",,,,,,,
JE-COS-0041,JE-COS-0041,Hada Labo Gokujyun Premium Lotion,,Padrão,Cosméticos,"Loção hidratante japonesa de alta performance, formulada com múltiplos tipos de ácido hialurônico para proporcionar hidratação intensa e duradoura. Sua textura rica é rapidamente absorvida, deixando a pele macia, firme e com aspecto saudável, sem sensação pegajosa.  Benefícios:  * 💛 Hidratação profunda e prolongada. * 💧 Ajuda a manter a barreira natural da pele. * ✨ Deixa a pele mais macia, viçosa e preenchida. * 🌿 Sem fragrância, corantes, álcool e óleo mineral. * ✔️ Ideal para peles secas, desidratadas e também para quem busca uma hidratação intensa na rotina noturna.  Modo de uso: Após a limpeza, aplique uma pequena quantidade no rosto e pescoço, espalhando suavemente até completa absorção. Pode ser usado de manhã e à noite.",Sem Marca,71.55,2200,999,0.500,,,,3,"https://res.cloudinary.com/dw4j4tpub/image/upload/f_webp,q_auto/v1781774196/nikkeybox/products/hada-labo/wyb58ok5xzmyh7davcc3.jpg",,,,,,,,
JE-COS-0042,JE-COS-0042,Hada Labo Gokujyun Aging Care Lotion,,Padrão,Cosméticos,"Loção hidratante antissinais desenvolvida para ajudar a manter a firmeza, elasticidade e hidratação da pele. Sua fórmula rica auxilia na prevenção do ressecamento, deixando a pele mais macia, preenchida e com aparência saudável.  ✔ Hidratação intensa e duradoura ✔ Ajuda a melhorar a firmeza e elasticidade da pele ✔ Auxilia na redução da aparência de linhas finas ✔ Textura suave e confortável ✔ Ideal para peles maduras ou ressecadas  Pele hidratada, firme e com aspecto mais jovem todos os dias.",Sem Marca,84.53,2600,999,0.500,,,,3,"https://res.cloudinary.com/dw4j4tpub/image/upload/f_webp,q_auto/v1781774135/nikkeybox/products/hada-labo-gokujyun-aging-care-lotion-a520/olmiuszrcklkmnak4lpw.jpg","https://res.cloudinary.com/dw4j4tpub/image/upload/f_webp,q_auto/v1781774136/nikkeybox/products/hada-labo-gokujyun-aging-care-lotion-a520/c69prrk2drfn4asuzlh1.jpg",,,,,,,
JE-COS-0043,JE-COS-0043,Hada Labo Gokujyun Lotion,,Padrão,Cosméticos,"Loção hidratante facial japonesa com textura leve e rápida absorção, enriquecida com ácido hialurônico para proporcionar hidratação profunda sem deixar a pele pesada ou oleosa. Ideal para o uso diário, mantém a pele macia, equilibrada e saudável.  Benefícios: 💧 Hidrata profundamente sem pesar. ✨ Textura leve e de rápida absorção. 🌿 Ajuda a fortalecer a barreira natural da pele. 💙 Deixa a pele macia, viçosa e confortável. ✔️ Indicado para todos os tipos de pele, especialmente mista, oleosa e desidratada. 🚫 Sem fragrância, álcool, corantes e óleo mineral.  Modo de uso: Após a limpeza, aplique uma pequena quantidade no rosto e pescoço, espalhando suavemente até completa absorção. Pode ser usado pela manhã e à noite.",Sem Marca,116.98,3600,999,0.500,,,,3,"https://res.cloudinary.com/dw4j4tpub/image/upload/f_webp,q_auto/v1781773895/nikkeybox/products/hada-labo-gokujyun-lotion-586h/i4dken1v8jiisdwfxuqq.jpg",,,,,,,,
JE-COS-0044,JE-COS-0044,Hada Labo Shirojyun Premium Emulsão,,Padrão,Cosméticos,"Loção hidratante e clareadora japonesa desenvolvida para hidratar profundamente enquanto ajuda a reduzir manchas, melasma e marcas de acne. Sua fórmula combina ácido hialurônico com ingredientes clareadores, deixando a pele mais uniforme, luminosa e saudável.  Benefícios: 💙 Ajuda a clarear manchas e uniformizar o tom da pele. 💧 Hidratação intensa e duradoura. ✨ Deixa a pele mais luminosa e viçosa. 🛡️ Auxilia no fortalecimento da barreira natural da pele. 🌿 Textura leve, de rápida absorção, sem sensação pegajosa. ✔️ Indicado para todos os tipos de pele, especialmente para quem busca hidratação e tratamento de manchas.  Modo de uso: Após a limpeza, aplique uma pequena quantidade no rosto e pescoço, espalhando suavemente até completa absorção. Pode ser usado pela manhã e à noite.",Sem Marca,78.04,2400,999,0.500,,,,3,"https://res.cloudinary.com/dw4j4tpub/image/upload/f_webp,q_auto/v1781774089/nikkeybox/products/hada-labo-shirojyun-premium-lotion-8iz5/didjjxat7zrdeykzqjbu.jpg",,,,,,,,
JE-COS-0045,JE-COS-0045,Hatomugi Body Milk 400ml,,Padrão,Cosméticos,"Loção corporal hidratante com extrato de Hatomugi (lágrima-de-Jó), que ajuda a nutrir e manter a pele macia, suave e hidratada ao longo do dia. Possui textura leve e rápida absorção, sem deixar sensação pegajosa.  ✔ Hidratação diária para todo o corpo ✔ Com extrato de Hatomugi ✔ Textura leve e confortável ✔ Rápida absorção ✔ Ideal para todos os tipos de pele  Pele macia, hidratada e com toque suave todos os dias.",Sem Marca,78.04,2400,999,1.500,,,,3,"https://res.cloudinary.com/dw4j4tpub/image/upload/f_webp,q_auto/v1781774587/nikkeybox/products/hatomugi-body-milk-locao-corporal-hidrat-m25i/b1ece8d7eir3cbst7del.jpg","https://res.cloudinary.com/dw4j4tpub/image/upload/f_webp,q_auto/v1781774589/nikkeybox/products/hatomugi-body-milk-locao-corporal-hidrat-m25i/z4l1uhqfdkzilfooyb6b.jpg","https://res.cloudinary.com/dw4j4tpub/image/upload/f_webp,q_auto/v1781774590/nikkeybox/products/hatomugi-body-milk-locao-corporal-hidrat-m25i/nhe0qhedr6u2xi03vth8.jpg",,,,,,
JE-COS-0046,JE-COS-0046,Hatomugi Cleansing & Facial Wash 130g,,Padrão,Cosméticos,"Espuma de limpeza facial com extrato de Hatomugi (lágrima-de-Jó), que remove impurezas, oleosidade e resíduos de maquiagem leve sem ressecar a pele. Deixa a pele limpa, fresca e hidratada.  ✔ Limpeza suave e eficaz ✔ Remove impurezas e excesso de oleosidade ✔ Com extrato de Hatomugi hidratante ✔ Mantém a pele macia e confortável ✔ Ideal para uso diário  Pele limpa, fresca e hidratada após cada lavagem.",Sem Marca,45.59,1400,999,0.500,,,,3,"https://res.cloudinary.com/dw4j4tpub/image/upload/f_webp,q_auto/v1781775015/nikkeybox/products/hatomugi-w-cleansing-foam-sabonete-facia-rbl1/iczuopvisobwp2cz3tb6.jpg","https://res.cloudinary.com/dw4j4tpub/image/upload/f_webp,q_auto/v1781775017/nikkeybox/products/hatomugi-w-cleansing-foam-sabonete-facia-rbl1/ipubbsfrt00da9bbzluo.jpg",,,,,,,
JE-COS-0182,JE-COS-0182,&honey Melty Shampoo (refil) 350ml,,Padrão,Cosméticos,"Shampoo desenvolvido para cabelos secos, ressecados, ondulados ou com frizz. Sua fórmula enriquecida com mel, óleos botânicos e ácido hialurônico limpa delicadamente enquanto hidrata profundamente, deixando os fios mais macios, brilhantes e disciplinados.  ✨ Benefícios:  * Hidratação intensa e duradoura. * Reduz o frizz e ajuda a controlar os fios rebeldes. * Proporciona maciez e brilho. * Limpa sem ressecar os cabelos. * Fragrância floral adocicada e delicada.",Sem Marca,71.55,2200,999,0.500,,,,3,,,,,,,,,"IMAGEM LOCAL (base64) — precisa subir a foto manualmente, URL não disponível"
JE-COS-0183,JE-COS-0183,&honey Melty Moist Repair Condicionador – Refil 350 ml,,Padrão,Cosméticos,"Condicionador hidratante desenvolvido para cabelos secos, ressecados, ondulados ou com frizz. Sua fórmula enriquecida com mel, óleos botânicos e ácido hialurônico hidrata profundamente, desembaraça os fios e ajuda a controlar o frizz, deixando o cabelo mais macio, alinhado e com brilho natural.  ✨ Benefícios:  * Hidratação intensa e nutrição dos fios. * Controla o frizz e reduz o ressecamento. * Facilita o desembaraço. * Deixa os cabelos macios, sedosos e brilhantes. * Fragrância floral adocicada e delicada.",Sem Marca,71.55,2200,999,0.500,,,,3,,,,,,,,,"IMAGEM LOCAL (base64) — precisa subir a foto manualmente, URL não disponível"
JE-COS-0047,JE-COS-0047,&honey Melty Moist Repair Refil (Shampoo + Tratamento),,Padrão,Cosméticos,"Refil do shampoo e tratamento &honey Melty, desenvolvido para cabelos secos, ondulados ou com frizz. Sua fórmula rica em mel proporciona hidratação intensa, ajudando a deixar os fios mais macios, alinhados e brilhantes.  ✔ Hidratação profunda com mel ✔ Controle do frizz e dos fios rebeldes ✔ Cabelos mais macios e sedosos ✔ Ajuda a reparar o ressecamento ✔ Refil econômico e sustentável  Cabelos hidratados, alinhados e com brilho natural todos os dias.",Sem Marca,175.39,5400,999,1.500,,,,3,"https://res.cloudinary.com/dw4j4tpub/image/upload/f_webp,q_auto/v1781775740/nikkeybox/products/honey-melty-moist-repair-shampoo-treatme-0lch/rhrkujguyt62wxvaszz5.jpg",,,,,,,,
JE-COS-0181,JE-COS-0181,&honey Melty Moist Repair Shampoo + Treatment ,,Padrão,Cosméticos,"Kit japonês desenvolvido especialmente para cabelos secos, com frizz, ondulados ou quimicamente tratados. Sua fórmula rica em mel, óleos botânicos e ácido hialurônico hidrata profundamente, controla o frizz e deixa os fios mais macios, alinhados e brilhantes.  Benefícios: 🍯 Hidratação intensa da raiz às pontas. ✨ Reduz o frizz e controla o volume. 💗 Deixa os cabelos macios, sedosos e com brilho natural. 🌸 Ajuda a reparar fios ressecados e danificados. 💧 Mantém a umidade natural dos cabelos por mais tempo. 🌺 Fragrância floral adocicada, suave e duradoura.  Indicado para: ✔️ Cabelos secos e ressecados. ✔️ Cabelos ondulados e cacheados. ✔️ Fios com química, coloração ou tendência ao frizz.  Modo de uso: Aplique o shampoo nos cabelos molhados, massageie suavemente e enxágue. Em seguida, utilize o tratamento no comprimento e pontas, deixe agir por alguns minutos e enxágue bem para um resultado ainda mais hidratante e disciplinado.",Sem Marca,282.47,8700,999,1.500,,,,3,,,,,,,,,"IMAGEM LOCAL (base64) — precisa subir a foto manualmente, URL não disponível"
JE-COS-0048,JE-COS-0048,Kit &honey Melty Moist Repair (Shampoo + Tratamento + Óleo Capilar),,Padrão,Cosméticos,"Kit completo para cabelos secos, ressecados e com frizz. Enriquecido com mel e óleos nutritivos, ajuda a hidratar profundamente, restaurar a maciez e deixar os fios mais alinhados, brilhantes e perfumados.  ✔ Hidratação intensa com mel ✔ Controle do frizz e dos fios rebeldes ✔ Mais brilho, maciez e sedosidade ✔ Ajuda a reparar danos e pontas ressecadas ✔ Shampoo, tratamento e óleo capilar  Cabelos hidratados, alinhados e com brilho saudável desde a primeira aplicação.",Sem Marca,305.18,9400,999,2.000,,,,3,"https://res.cloudinary.com/dw4j4tpub/image/upload/f_webp,q_auto/v1781775349/nikkeybox/products/honey-melty-moist-repair-shampoo-treatme-mmfi/etrfvbazs5tjdfrtqmkx.jpg",,,,,,,,
JE-COS-0049,JE-COS-0049,honey Milky Precious EX Repair Hair Oil,,Padrão,Cosméticos,"Óleo capilar reparador enriquecido com mel e ingredientes nutritivos que ajudam a recuperar fios danificados, controlar o frizz e proporcionar brilho intenso. Sua fórmula leve deixa os cabelos macios, sedosos e protegidos sem pesar.  ✔ Nutrição e reparação dos fios ✔ Controle do frizz e pontas ressecadas ✔ Brilho intenso e toque sedoso ✔ Textura leve, sem pesar os cabelos ✔ Ideal para cabelos secos e danificados  Cabelos mais hidratados, alinhados e com brilho saudável.",Sem Marca,110.49,3400,999,1.000,,,,3,"https://res.cloudinary.com/dw4j4tpub/image/upload/f_webp,q_auto/v1781776274/nikkeybox/products/honey-milky-precious-ex-repair-hair-oil-ew9x/fp4fbcyubcy0bek1of1j.jpg","https://res.cloudinary.com/dw4j4tpub/image/upload/f_webp,q_auto/v1781776276/nikkeybox/products/honey-milky-precious-ex-repair-hair-oil-ew9x/qyvhtffnbbiqsbvl2iyw.jpg",,,,,,,
JE-COS-0050,JE-COS-0050,&honey Milky Precious EX Repair Hair Pack,,Padrão,Cosméticos,"Máscara capilar de tratamento intensivo com mel e ingredientes nutritivos que ajudam a reparar danos profundos, reduzir o frizz e devolver maciez aos fios. Ideal para cabelos secos, ressecados ou quimicamente tratados.  ✔ Hidratação intensa e reparação profunda ✔ Reduz o frizz e as pontas duplas ✔ Deixa os cabelos mais macios e brilhantes ✔ Fórmula rica em mel e óleos nutritivos ✔ Ideal para uso semanal  Tratamento poderoso para cabelos mais saudáveis, sedosos e cheios de brilho.",Sem Marca,78.04,2400,999,0.500,,,,3,"https://res.cloudinary.com/dw4j4tpub/image/upload/f_webp,q_auto/v1781776538/nikkeybox/products/honey-milky-precious-ex-repair-hair-pack-9zgz/oc32opcd0aqe3xco3nre.jpg","https://res.cloudinary.com/dw4j4tpub/image/upload/f_webp,q_auto/v1781776540/nikkeybox/products/honey-milky-precious-ex-repair-hair-pack-9zgz/tya0zpwalwvmtpj7e0d0.jpg",,,,,,,
JE-COS-0051,JE-COS-0051,Kit &honey Milky Precious EX Repair (Shampoo + Tratamento),,Padrão,Cosméticos,"Kit capilar enriquecido com mel, leite e ingredientes nutritivos que ajudam a reparar os fios danificados, proporcionando hidratação intensa, maciez e brilho. Ideal para cabelos secos, ressecados ou quimicamente tratados.  ✔ Hidratação profunda e reparação dos fios ✔ Ajuda a reduzir o frizz ✔ Mais maciez, brilho e sedosidade ✔ Fórmula enriquecida com mel e leite ✔ Ideal para cabelos danificados e ressecados  Cabelos mais fortes, hidratados e com brilho saudável todos os dias.",Sem Marca,246.77,7600,999,2.000,,,,3,"https://res.cloudinary.com/dw4j4tpub/image/upload/f_webp,q_auto/v1781776089/nikkeybox/products/honey-milky-precious-ex-repair-kit-shamp-zerl/fqtz1jjse7iejpsqffoe.jpg",,,,,,,,
JE-COS-0052,JE-COS-0052,Kit &honey Milky Precious EX Repair (Shampoo + Tratamento + Óleo Capilar),,Padrão,Cosméticos,"Kit completo para cuidados intensivos dos cabelos, enriquecido com mel e ingredientes nutritivos que ajudam a reparar danos, hidratar profundamente e controlar o frizz. Deixa os fios mais macios, brilhantes e saudáveis desde a primeira aplicação.  ✔ Hidratação intensa e reparação dos fios ✔ Reduz o frizz e as pontas ressecadas ✔ Proporciona brilho e maciez duradouros ✔ Fórmula rica em mel e óleos nutritivos ✔ Ideal para cabelos secos e danificados  Cuidado completo para cabelos mais fortes, sedosos e radiantes.",Sem Marca,321.41,9900,999,2.000,,,,3,"https://res.cloudinary.com/dw4j4tpub/image/upload/f_webp,q_auto/v1783949669/nikkeybox/products/honey-milky-precious-ex-repair-shampoo-t-71h9/rtkvlyofrejlidbdzzwp.jpg","https://res.cloudinary.com/dw4j4tpub/image/upload/f_webp,q_auto/v1781776871/nikkeybox/products/honey-milky-precious-ex-repair-shampoo-t-71h9/oh0o5dfpalmyh0hp5be5.jpg",,,,,,,
JE-COS-0053,JE-COS-0053,&honey Milky Precious EX Repair Refil (Shampoo + Tratamento),,Padrão,Cosméticos,"Refil econômico do shampoo e tratamento &honey Milky, desenvolvido para hidratar profundamente e reparar cabelos secos e danificados. Sua fórmula rica em mel e ingredientes nutritivos ajuda a reduzir o frizz, restaurar a maciez e devolver o brilho natural aos fios.  ✔ Hidratação intensa e duradoura ✔ Repara danos e ressecamento ✔ Controla o frizz e melhora a maciez ✔ Fórmula rica em mel e óleos nutritivos ✔ Refil prático e econômico  Cabelos mais saudáveis, sedosos e cheios de brilho todos os dias.",Sem Marca,181.88,5600,999,1.500,,,,3,"https://res.cloudinary.com/dw4j4tpub/image/upload/f_webp,q_auto/v1781777489/nikkeybox/products/honey-milky-precious-ex-repair-shampoo-t-jf3i/b7nunajrcrm6qtufr8no.jpg",,,,,,,,
JE-COS-0054,JE-COS-0054, &honey Pixie Moist Silky Hair Oil,,Padrão,Cosméticos,"O &honey Pixie Hair Oil é um óleo capilar leve desenvolvido para hidratar, proteger e proporcionar brilho sem pesar os fios. Sua fórmula enriquecida com mel, ácido hialurônico e óleos botânicos ajuda a controlar o frizz e manter os cabelos macios e sedosos durante todo o dia.",Sem Marca,104.00,3200,999,0.500,,,,3,"https://res.cloudinary.com/dw4j4tpub/image/upload/f_webp,q_auto/v1781705901/nikkeybox/products/honey-pixie-moist-silky-hair-oil-5es4/p8knyjxrvvhysmqotxts.webp",,,,,,,,
JE-COS-0055,JE-COS-0055,Kit &honey Pixie Moist Silky (Shampoo + Tratamento + Máscara Capilar),,Padrão,Cosméticos,"Kit completo para hidratação leve e cuidados diários dos cabelos. Com fórmula enriquecida com mel, ajuda a manter os fios macios, brilhantes e alinhados, sem pesar. A máscara potencializa a hidratação e proporciona um toque sedoso.  ✔ Hidratação leve e duradoura ✔ Cabelos macios e com brilho natural ✔ Ajuda a controlar o frizz ✔ Máscara de tratamento intensivo inclusa ✔ Ideal para cabelos finos ou sem volume  Rotina completa para fios leves, sedosos e cheios de movimento.",Sem Marca,272.73,8400,999,2.000,,,,3,"https://res.cloudinary.com/dw4j4tpub/image/upload/f_webp,q_auto/v1781778520/nikkeybox/products/honey-pixie-moist-silky-hair-pack-3fpi/mlontc3ad9ewmlmjylta.jpg",,,,,,,,
JE-COS-0056,JE-COS-0056,Kit &honey Pixie Moist Silky (Shampoo + Tratamento),,Padrão,Cosméticos,"Kit desenvolvido para proporcionar hidratação leve, brilho e maciez sem pesar os fios. Sua fórmula enriquecida com mel ajuda a controlar o frizz e deixar os cabelos mais sedosos e alinhados.  ✔ Hidratação leve e equilibrada ✔ Cabelos macios e com brilho natural ✔ Ajuda a controlar o frizz ✔ Limpeza suave e tratamento nutritivo ✔ Ideal para cabelos finos ou sem volume  Fios mais leves, sedosos e com movimento natural todos os dias.",Sem Marca,201.35,6200,999,1.500,,,,3,"https://res.cloudinary.com/dw4j4tpub/image/upload/f_webp,q_auto/v1781778116/nikkeybox/products/honey-pixie-moist-silky-shampoo-treatmen-vok9/yuc4jde038mipsonncna.jpg",,,,,,,,
JE-COS-0057,JE-COS-0057,&honey Pixie Moist Silky Refil (Shampoo + Tratamento),,Padrão,Cosméticos,"Refil econômico do shampoo e tratamento &honey Pixie, desenvolvido para proporcionar hidratação leve, brilho e maciez sem pesar os fios. Ideal para cabelos finos ou que buscam mais leveza e movimento.  ✔ Hidratação equilibrada e duradoura ✔ Cabelos leves, macios e sedosos ✔ Ajuda a controlar o frizz ✔ Fórmula enriquecida com mel e ingredientes nutritivos ✔ Refil prático e sustentável  Cabelos mais leves, alinhados e com brilho natural todos os dias.",Sem Marca,168.90,5200,999,1.500,,,,3,"https://res.cloudinary.com/dw4j4tpub/image/upload/f_webp,q_auto/v1781778359/nikkeybox/products/honey-pixie-moist-silky-shampoo-treatmen-y3ly/dknbpsfoiulc5c4bnhpl.jpg",,,,,,,,
JE-DOC-0070,JE-DOC-0070,House Foods Hokkaido Corn Cream Stew 180g,,Padrão,Doces & Chás,"Desfrute do sabor tradicional do Cream Stew Japonês com um toque especial de milho doce. Produzido com leite 100% de Hokkaido, creme de leite e milho cuidadosamente selecionado, este molho proporciona uma textura cremosa e um sabor suave, levemente adocicado.  Perfeito para preparar um delicioso ensopado com frango, legumes, cogumelos ou frutos do mar, criando uma refeição prática, nutritiva e cheia de sabor.  Destaques  * 🇯🇵 Produto original do Japão * 🥛 Feito com leite 100% de Hokkaido * 🌽 Sabor cremoso com milho doce * 🍲 Ideal para preparar o tradicional Cream Stew japonês * 👨‍👩‍👧‍👦 Rende aproximadamente 10 porções * ⚡ Fácil e rápido de preparar  Conteúdo: 180g  Experimente o autêntico sabor da culinária japonesa e leve mais cremosidade e praticidade para suas refeições.",Sem Marca,26.12,800,999,0.500,,,,3,,,,,,,,,"IMAGEM LOCAL (base64) — precisa subir a foto manualmente, URL não disponível"
JE-DOC-0069,JE-DOC-0069,House Foods Hokkaido Stew Cream 180g,,Padrão,Doces & Chás,"Prepare um delicioso Cream Stew japonês, um dos pratos caseiros mais tradicionais do Japão. Esta versão da House Foods é feita com leite 100% de Hokkaido, creme de leite e queijo natural, proporcionando um molho cremoso, rico e com sabor suave.  Ideal para preparar um ensopado com frango, carne ou frutos do mar, acompanhado de batatas, cenouras, cebolas, brócolis, cogumelos e outros legumes.  Destaques  * 🇯🇵 Produto original do Japão * 🥛 Feito com leite 100% de Hokkaido * 🧀 Enriquecido com creme de leite e queijo natural * 🍲 Sabor cremoso e suave * 👨‍👩‍👧‍👦 Rende aproximadamente 10 porções * ⚡ Fácil e rápido de preparar  Conteúdo: 180g  Perfeito para quem deseja experimentar o autêntico sabor da culinária japonesa no conforto de casa.",Sem Marca,19.63,600,999,0.500,,,,3,,,,,,,,,"IMAGEM LOCAL (base64) — precisa subir a foto manualmente, URL não disponível"
JE-DOC-0018,JE-DOC-0018-small,House Cream Stew (Ensopado Cremoso Japonês) – 180g  Unidades ,Opção,1 unidade,Doces & Chás,"Prato pronto japonês de ensopado cremoso com legumes e pedaços de frango em um molho suave e saboroso. Prático e fácil de preparar, ideal para uma refeição rápida e reconfortante.  ✔ Sabor tradicional japonês ✔ Molho cremoso e suave ✔ Com legumes e frango ✔ Pronto para aquecer e consumir ✔ Porção individual de 180g  Uma refeição prática, deliciosa e perfeita para os dias mais frios.",Sem Marca,19.63,600,999,0.200,,,,3,"https://res.cloudinary.com/dw4j4tpub/image/upload/f_webp,q_auto/v1781780936/nikkeybox/products/house-hotto-stew-cream-ensopado-cremoso--jxjc/uxnjfs3o3liam5fbwhnp.jpg","https://res.cloudinary.com/dw4j4tpub/image/upload/f_webp,q_auto/v1781780939/nikkeybox/products/house-hotto-stew-cream-ensopado-cremoso--jxjc/uohu4if2fnvnzvyh5ech.jpg",,,,,,,
JE-DOC-0018,JE-DOC-0018-var-mr7xccbg,House Cream Stew (Ensopado Cremoso Japonês) – 180g  Unidades ,Opção,5 unidades,Doces & Chás,"Prato pronto japonês de ensopado cremoso com legumes e pedaços de frango em um molho suave e saboroso. Prático e fácil de preparar, ideal para uma refeição rápida e reconfortante.  ✔ Sabor tradicional japonês ✔ Molho cremoso e suave ✔ Com legumes e frango ✔ Pronto para aquecer e consumir ✔ Porção individual de 180g  Uma refeição prática, deliciosa e perfeita para os dias mais frios.",Sem Marca,91.02,2800,999,0.200,,,,3,"https://res.cloudinary.com/dw4j4tpub/image/upload/f_webp,q_auto/v1781780936/nikkeybox/products/house-hotto-stew-cream-ensopado-cremoso--jxjc/uxnjfs3o3liam5fbwhnp.jpg","https://res.cloudinary.com/dw4j4tpub/image/upload/f_webp,q_auto/v1781780939/nikkeybox/products/house-hotto-stew-cream-ensopado-cremoso--jxjc/uohu4if2fnvnzvyh5ech.jpg",,,,,,,
JE-DOC-0019,JE-DOC-0019,House Vermont Curry Médio – Maçã e Mel 280g  unidade ,,Padrão,Doces & Chás,"famoso curry japonês Vermont Curry da House Foods combina o sabor suave e encorpado das especiarias com a doçura natural da maçã e do mel, criando um prato equilibrado e irresistível para toda a família.  ✨ Destaques:  * Picância média (nível 3 de 5) * Receita especial com maçã e mel * Sabor suave, levemente adocicado e muito apreciado no Japão * Fácil de preparar com carne, legumes e arroz * Ideal para refeições em família * Um dos curries mais vendidos do Japão",Sem Marca,22.88,700,999,0.300,,,,3,"https://res.cloudinary.com/dw4j4tpub/image/upload/f_webp,q_auto/v1781705908/nikkeybox/products/house-vermont-curry-medio-maca-e-mel-280-q0tc/ehebrgvrk2iaytkvbpek.webp","https://res.cloudinary.com/dw4j4tpub/image/upload/f_webp,q_auto/v1781705910/nikkeybox/products/house-vermont-curry-medio-maca-e-mel-280-q0tc/jiwhbjvmoaydodcpauha.webp","https://res.cloudinary.com/dw4j4tpub/image/upload/f_webp,q_auto/v1781705913/nikkeybox/products/house-vermont-curry-medio-maca-e-mel-280-q0tc/pqbxblg3wq1moo4gtqtl.webp",,,,,,
JE-DOC-0020,JE-DOC-0020,House Vermont Curry Suave – Maçã e Mel 280g unidade ,,Padrão,Doces & Chás,"tradicional Vermont Curry da House Foods em sua versão suave, preparado com a combinação especial de maçã e mel, proporcionando um sabor delicado, levemente adocicado e muito apreciado por crianças e adultos.  ✨ Destaques:  * Sabor suave (nível 1 de picância) * Receita enriquecida com maçã e mel * Textura cremosa e sabor equilibrado * Fácil de preparar com carne, legumes e arroz * Ideal para toda a família * Um dos curries japoneses mais populares  🍎🍯 Sabor característico: a doçura natural da maçã e do mel harmoniza perfeitamente com as especiarias do curry, criando uma refeição reconfortante e deliciosa.",Sem Marca,19.63,600,999,0.300,,,,3,"https://res.cloudinary.com/dw4j4tpub/image/upload/f_webp,q_auto/v1781705912/nikkeybox/products/house-vermont-curry-suave-maca-e-mel-115-uhkq/ld4ct82xvpo6ixhf3rcz.webp","https://res.cloudinary.com/dw4j4tpub/image/upload/f_webp,q_auto/v1781705916/nikkeybox/products/house-vermont-curry-suave-maca-e-mel-115-uhkq/jr2pfhn1aucszlzbbjhy.webp",,,,,,,
JE-PET-0009,JE-PET-0009,Japan Premium Nagasaki Kibi Nago – Petisco Natural de Peixe para Cães e Gatos,,Padrão,Pet,"Petisco premium japonês produzido com pequenos peixes secos de Nagasaki, uma opção natural, nutritiva e rica em sabor para cães e gatos. Ideal como recompensa diária ou complemento alimentar, oferecendo nutrientes importantes de forma simples e saudável.  🐶🐱 Principais benefícios:  * Feito com peixe 100% natural. * Rico em DHA e EPA. * Fonte natural de proteínas. * Auxilia na saúde da pele e da pelagem. * Petisco crocante e altamente palatável. * Sem corantes ou conservantes artificiais.  🐟 Ingrediente em destaque:  * Peixes secos de Nagasaki: ricos em ômega-3, DHA e EPA, nutrientes importantes para a saúde geral dos pets.  ✨ Diferenciais:  * Produzido no Japão. * Ingredientes simples e naturais. * Excelente opção para cães e gatos. * Rico em nutrientes encontrados naturalmente nos peixes. * Sabor que agrada até os pets mais exigentes.  🍽️ Modo de uso: Ofereça como petisco entre as refeições ou como recompensa. Pode ser servido inteiro ou em pequenos pedaços, de acordo com o porte do animal.  Conteúdo: 100g  Indicado para: Cães e gatos de todas as idades e portes.",Sem Marca,45.59,1400,999,,,,,3,"https://res.cloudinary.com/dw4j4tpub/image/upload/f_webp,q_auto/v1781705918/nikkeybox/products/japan-premium-nagasaki-kibi-nago-petisco-abur/tmb3pyrgfkuadggahlvc.webp","https://res.cloudinary.com/dw4j4tpub/image/upload/f_webp,q_auto/v1781705922/nikkeybox/products/japan-premium-nagasaki-kibi-nago-petisco-abur/b0ytparr2arpdcwgfp0x.webp","https://res.cloudinary.com/dw4j4tpub/image/upload/f_webp,q_auto/v1781705926/nikkeybox/products/japan-premium-nagasaki-kibi-nago-petisco-abur/honujfcabawmt7wgzjdq.webp",,,,,,
JE-DOC-0021,JE-DOC-0021,Kanro Pure Grape – Bala de Goma Sabor Uva 6 unidae,,Padrão,Doces & Chás,"Uma das balas de goma mais famosas do Japão! A Pure Grape combina o sabor intenso e suculento da uva com uma deliciosa cobertura levemente azedinha, proporcionando uma experiência refrescante e irresistível.",Sem Marca,78.04,2400,999,,,,,3,"https://res.cloudinary.com/dw4j4tpub/image/upload/f_webp,q_auto/v1781705919/nikkeybox/products/kanro-pure-grape-bala-de-goma-sabor-uva-nuvt/fxhmfvnejkuxtq6yffuy.webp",,,,,,,,
JE-DOC-0022,JE-DOC-0022,Kanro Pure Premium Hakuto Peach – Gummy Premium de Pêssego 6 unidade,,Padrão,Doces & Chás,"Descubra o sabor sofisticado do pêssego branco japonês com as balas de goma Pure Premium da Kanro. Com uma textura macia, cobertura delicadamente azedinha e um recheio cremoso de fruta, cada unidade oferece uma explosão de sabor irresistível.",Sem Marca,78.04,2400,999,,,,,3,"https://res.cloudinary.com/dw4j4tpub/image/upload/f_webp,q_auto/v1781705922/nikkeybox/products/kanro-pure-premium-hakuto-peach-gummy-pr-irzs/c0xipifviwecmbmrhfoj.webp",,,,,,,,
JE-DOC-0023,JE-DOC-0023,Kanro Pure Premium Shine Muscat – Gummy Premium de Uva Verde 6 unidade,,Padrão,Doces & Chás,"Uma deliciosa bala de goma premium inspirada na famosa uva japonesa Shine Muscat. Com textura macia, cobertura levemente azedinha e recheio suculento com sabor intenso de fruta, oferece uma experiência sofisticada e refrescante.",Sem Marca,78.04,2400,999,,,,,3,"https://res.cloudinary.com/dw4j4tpub/image/upload/f_webp,q_auto/v1781705925/nikkeybox/products/kanro-pure-premium-shine-muscat-gummy-pr-kxr6/v2karso8krpu8v0xzrsi.webp",,,,,,,,
JE-COS-0058,JE-COS-0058,Kao Babu –  Sais de Banho 20 Tabletes),,Padrão,Cosméticos,"Pastilhas efervescentes para banho com fragrância refrescante de floresta. Ajudam a relaxar o corpo após um dia cansativo, proporcionando uma sensação agradável de bem-estar e conforto.  ✔ Aroma relaxante de floresta ✔ Banho efervescente revitalizante ✔ Ideal para momentos de descanso ✔ Caixa com 20 pastilhas  Transforme seu banho em um momento de relaxamento e renovação.",Sem Marca,116.98,3600,999,1.000,,,,3,"https://res.cloudinary.com/dw4j4tpub/image/upload/f_webp,q_auto/v1781781235/nikkeybox/products/kao-babu-sais-de-banho-efervescentes-aro-x7x0/taqj1wbknmgacjuoec5f.jpg","https://res.cloudinary.com/dw4j4tpub/image/upload/f_webp,q_auto/v1781781237/nikkeybox/products/kao-babu-sais-de-banho-efervescentes-aro-x7x0/yra5fpbpbvdnry6c46rh.jpg",,,,,,,
JE-DOC-0024,JE-DOC-0024,Kasugai Jelly Beans – Mix de 7 Frutas,,Padrão,Doces & Chás,"Deliciosas balas de goma japonesas em formato de feijõezinhos (Jelly Beans), com textura macia e sabores frutados variados. Um doce colorido e divertido, perfeito para compartilhar ou saborear a qualquer momento.  🍬 Sabores inclusos: • Morango 🍓 • Melão 🍈 • Pêssego 🍑 • Uva 🍇 • Laranja 🍊 • Banana 🍌 • Limão 🍋",Sem Marca,19.63,600,999,,,,,3,"https://res.cloudinary.com/dw4j4tpub/image/upload/f_webp,q_auto/v1781705929/nikkeybox/products/kasugai-jelly-beans-mix-de-7-frutas-c8or/lcajypkwdqzilbvefip0.webp","https://res.cloudinary.com/dw4j4tpub/image/upload/f_webp,q_auto/v1781705930/nikkeybox/products/kasugai-jelly-beans-mix-de-7-frutas-c8or/glzppzcuaked1wygfv5u.webp",,,,,,,
JE-COS-0059,JE-COS-0059,Keana Nadeshiko Rice Mask – Máscara Facial de Arroz Japonês 3 unidades,,Padrão,Cosméticos,"Máscara facial japonesa enriquecida com extrato de arroz, desenvolvida para hidratar profundamente, suavizar a pele e melhorar a aparência dos poros. Deixa a pele macia, iluminada e com sensação de frescor.  ✔ Hidratação intensa ✔ Ajuda a minimizar a aparência dos poros ✔ Pele mais macia e uniforme ✔ Ideal para todos os tipos de pele  Pele hidratada, luminosa e com toque sedoso em poucos minutos.",Sem Marca,136.45,4200,999,0.500,,,,3,"https://res.cloudinary.com/dw4j4tpub/image/upload/f_webp,q_auto/v1781781492/nikkeybox/products/keana-nadeshiko-rice-mask-mascara-facial-ycfp/gtxdzjkyxxdh8gyoblr1.jpg","https://res.cloudinary.com/dw4j4tpub/image/upload/f_webp,q_auto/v1781781494/nikkeybox/products/keana-nadeshiko-rice-mask-mascara-facial-ycfp/hllaprxwafvkq8zj5ymm.jpg",,,,,,,
JE-DOC-0066,JE-DOC-0066,Kewpie Maionese 450g ,,Padrão,Doces & Chás,"A famosa maionese japonesa Kewpie é conhecida por sua textura cremosa e sabor intenso, levemente adocicado e umami. Produzida com gemas de ovos e ingredientes selecionados, é perfeita para dar um toque especial a sanduíches, saladas, sushi, okonomiyaki, takoyaki e diversas receitas.  ✨ Destaques:  * Textura extra cremosa. * Sabor rico e marcante. * Feita com gemas de ovos. * Ideal para receitas japonesas e do dia a dia. * Embalagem prática de 450g.",Sem Marca,31.96,980,999,0.700,,,,3,,,,,,,,,"IMAGEM LOCAL (base64) — precisa subir a foto manualmente, URL não disponível"
JE-DOC-0067,JE-DOC-0067,Kewpie Maionese Mild 1kg ,,Padrão,Doces & Chás,"A Kewpie Mild é uma versão mais suave da tradicional maionese japonesa. Possui textura cremosa, sabor delicado e equilibrado, ideal para quem prefere um toque mais leve nas refeições. A embalagem de 1kg é perfeita para famílias, restaurantes e uso frequente.  ✨ Destaques:  * Sabor suave e menos intenso. * Textura cremosa e fácil de espalhar. * Ideal para saladas, sanduíches, lanches e receitas variadas. * Embalagem econômica de 1kg. * Qualidade e tradição Kewpie.",Sem Marca,51.43,1580,999,1.200,,,,3,,,,,,,,,"IMAGEM LOCAL (base64) — precisa subir a foto manualmente, URL não disponível"
JE-DOC-0065,JE-DOC-0065,Kewpie Mayonnaise 700g,,Padrão,Doces & Chás,"A famosa maionese japonesa Kewpie, reconhecida pelo sabor rico, levemente adocicado e textura extremamente cremosa. Produzida com gemas de ovos e um toque de vinagre de maçã e arroz, oferece um sabor mais intenso e equilibrado que as maioneses tradicionais, sendo um ingrediente indispensável na culinária japonesa.  Benefícios:  * Textura cremosa e sabor marcante. * Feita com gemas de ovos para um sabor mais rico. * Ideal para sushi, sanduíches, saladas, batatas, hambúrgueres, yakisoba, okonomiyaki e diversos pratos. * Embalagem prática com bico dosador para facilitar o uso.  Indicado para: Quem deseja dar um toque especial às refeições com o autêntico sabor da maionese japonesa.  Modo de uso: Utilize como acompanhamento, molho ou ingrediente em receitas. Após aberto, mantenha refrigerado e consuma conforme as orientações da embalagem.",Sem Marca,39.10,1200,999,1.100,,,,3,,,,,,,,,"IMAGEM LOCAL (base64) — precisa subir a foto manualmente, URL não disponível"
JE-DOC-0068,JE-DOC-0068,Kewpie Zero Maionese Sem Colesterol 310g,,Padrão,Doces & Chás,"A Kewpie Zero é uma maionese japonesa desenvolvida para quem busca uma opção mais leve, com 0 mg de colesterol e 70% menos calorias em comparação à maionese tradicional da marca. Mantém a textura cremosa e o sabor característico da Kewpie, sendo ideal para uma alimentação equilibrada.  ✨ Destaques:  * 0 mg de colesterol. * 70% menos calorias. * Textura cremosa e sabor suave. * Ideal para saladas, sanduíches e diversas receitas. * Embalagem prática de 310g.",Sem Marca,27.74,850,999,0.700,,,,3,,,,,,,,,"IMAGEM LOCAL (base64) — precisa subir a foto manualmente, URL não disponível"
JE-COS-0060,JE-COS-0060,Kit &honey Milky Precious EX Repair (Shampoo + Tratamento + Máscara Capilar),,Padrão,Cosméticos,"Kit completo para hidratação e reparação intensiva dos cabelos. Enriquecido com mel e ingredientes nutritivos, ajuda a recuperar fios danificados, reduzir o frizz e proporcionar maciez e brilho duradouros.  ✔ Limpeza suave e nutritiva ✔ Hidratação profunda e reparação dos fios ✔ Máscara de tratamento intensivo inclusa ✔ Reduz frizz e pontas ressecadas ✔ Ideal para cabelos secos e danificados  Cuidado completo para cabelos mais fortes, macios e radiantes todos os dias.",Sem Marca,292.20,9000,999,2.000,,,,3,"https://res.cloudinary.com/dw4j4tpub/image/upload/f_webp,q_auto/v1781777702/nikkeybox/products/kit-honey-milky-precious-ex-repair-shamp-ft4d/ghzdj4gjlxt1ijdb2v15.jpg",,,,,,,,
JE-COS-0061,JE-COS-0061,Kit Ululis Aqua (Shampoo + Tratamento + Óleo Capilar),,Padrão,Cosméticos,"Kit capilar japonês desenvolvido para hidratação intensa e brilho saudável. Sua fórmula rica em ativos hidratantes ajuda a combater o ressecamento, deixando os fios mais macios, leves e sedosos.  ✔ Hidratação profunda dos fios ✔ Reduz o frizz e o ressecamento ✔ Proporciona brilho e maciez ✔ Ideal para cabelos secos e desidratados  Cabelos mais hidratados, leves e radiantes desde a primeira aplicação",Sem Marca,300.32,9250,999,2.000,,,,3,"https://res.cloudinary.com/dw4j4tpub/image/upload/f_webp,q_auto/v1781781676/nikkeybox/products/kit-ululis-aqua-shampoo-treatment-hair-o-73wc/lztsvod4qg43uuhu5gs9.jpg",,,,,,,,
JE-COS-0062,JE-COS-0062,Kit Ululis Kirameki (Shampoo + Tratamento + Óleo Capilar),,Padrão,Cosméticos,"Kit capilar japonês desenvolvido para proporcionar brilho intenso, hidratação e maciez aos fios. Sua fórmula ajuda a controlar o frizz, deixando o cabelo mais sedoso, leve e luminoso.  ✔ Brilho intenso e duradouro ✔ Hidratação e nutrição dos fios ✔ Reduz o frizz e melhora a maciez ✔ Ideal para cabelos opacos e sem brilho  Cabelos mais radiantes, suaves e cheios de vida todos os dias.",Sem Marca,300.32,9250,999,2.000,,,,3,"https://res.cloudinary.com/dw4j4tpub/image/upload/f_webp,q_auto/v1781705939/nikkeybox/products/kit-ululis-kirameki-shampoo-treatment-ha-f6nl/d7husendrdx7awginosd.webp",,,,,,,,
JE-COS-0063,JE-COS-0063,Kit Ululis Pinkme (Shampoo + Tratamento + Óleo Capilar),,Padrão,Cosméticos,"Kit capilar japonês desenvolvido para controlar o frizz e deixar os fios mais alinhados, macios e brilhantes. Sua fórmula hidratante ajuda a manter o cabelo sedoso e fácil de pentear.  ✔ Controle do frizz e dos fios rebeldes ✔ Hidratação e maciez prolongadas ✔ Brilho saudável e toque sedoso ✔ Ideal para cabelos com tendência ao frizz  Cabelos mais disciplinados, suaves e radiantes todos os dias.",Sem Marca,300.32,9250,999,2.000,,,,3,"https://res.cloudinary.com/dw4j4tpub/image/upload/f_webp,q_auto/v1781843097/nikkeybox/products/kit-ululis-pinkme-shampoo-treatment-hair-aknt/t5cfifagrokistzjuxld.jpg",,,,,,,,
JE-COS-0064,JE-COS-0064,Kit Ululis PINKneko (Shampoo + Tratamento + Óleo Capilar),,Padrão,Cosméticos,"Kit capilar japonês desenvolvido para hidratar, controlar o frizz e proporcionar fios mais macios e alinhados. Sua fórmula ajuda a manter o cabelo sedoso, brilhante e com movimento natural.  ✔ Hidratação e nutrição dos fios ✔ Controle do frizz e dos fios rebeldes ✔ Brilho saudável e toque sedoso ✔ Ideal para cabelos secos e indisciplinados  Cabelos mais suaves, brilhantes e fáceis de cuidar todos os dias.",Sem Marca,300.32,9250,999,2.000,,,,3,"https://res.cloudinary.com/dw4j4tpub/image/upload/f_webp,q_auto/v1781843581/nikkeybox/products/kit-ululis-pinkneko-shampoo-treatment-ha-4ssn/wowptouz5ofyep1svhx9.jpg",,,,,,,,
JE-COS-0065,JE-COS-0065,Kit Ululis VITA.C (Shampoo + Tratamento + Óleo Capilar),,Padrão,Cosméticos,"Kit capilar japonês enriquecido com vitamina C e ingredientes hidratantes que ajudam a reparar os fios danificados, proporcionando brilho, maciez e vitalidade. Ideal para cabelos opacos e ressecados.  ✔ Hidratação e reparação dos fios ✔ Ajuda a reduzir o ressecamento ✔ Proporciona brilho e maciez ✔ Ideal para cabelos danificados e sem vida  Cabelos mais fortes, saudáveis e radiantes a cada uso.",Sem Marca,300.32,9250,999,2.000,,,,3,"https://res.cloudinary.com/dw4j4tpub/image/upload/f_webp,q_auto/v1781843842/nikkeybox/products/kit-ululis-vita-c-shampoo-treatment-hair-cv1m/ey69jehevd8rvmrrcyo8.jpg",,,,,,,,
JE-DOC-0025,JE-DOC-0025,KitKat Banana – Edição Especial ,,Padrão,Doces & Chás,"Experimente o irresistível KitKat Banana, uma edição especial japonesa que combina o tradicional wafer crocante com um delicioso chocolate sabor banana. Com um aroma suave e um toque adocicado, essa versão é perfeita para quem deseja conhecer os sabores mais criativos e exclusivos do Japão.  Ideal para presentear, colecionar sabores diferentes ou simplesmente desfrutar de um doce especial a qualquer momento.",Sem Marca,32.61,1000,999,,,,,3,"https://res.cloudinary.com/dw4j4tpub/image/upload/f_webp,q_auto/v1781705945/nikkeybox/products/kitkat-banana-edicao-especial-uoei/chymmizbs07lc53lljut.webp",,,,,,,,
JE-DOC-0027,JE-DOC-0027,KitKat Chocolate com Laranja ,,Padrão,Doces & Chás,"Experimente a deliciosa combinação do chocolate KitKat com o aroma cítrico da laranja! Esta edição especial japonesa oferece uma experiência única, unindo a crocância do wafer tradicional com um sabor sofisticado e refrescante.  Perfeito para quem gosta de sabores diferenciados e deseja conhecer uma das versões mais especiais do KitKat japonês.",Sem Marca,32.61,1000,999,,,,,3,"https://res.cloudinary.com/dw4j4tpub/image/upload/f_webp,q_auto/v1781705947/nikkeybox/products/kitkat-chocolate-com-laranja-wt95/w9tgr4lyzcx5hpeojn8q.webp",,,,,,,,
JE-DOC-0028,JE-DOC-0028,KitKat Cookies & Cream ,,Padrão,Doces & Chás,"Descubra uma das versões mais deliciosas do KitKat japonês! O KitKat Cookies & Cream combina a crocância do wafer tradicional com um irresistível chocolate branco recheado com pedacinhos de biscoito de cacau, criando uma experiência doce e cremosa a cada mordida.  Perfeito para presentear, compartilhar ou experimentar um dos sabores mais queridos entre os fãs de doces japoneses.",Sem Marca,32.61,1000,999,,,,,3,"https://res.cloudinary.com/dw4j4tpub/image/upload/f_webp,q_auto/v1781705950/nikkeybox/products/kitkat-cookies-cream-ywm7/e4m0lymc35shbrxoj3z0.webp",,,,,,,,
JE-COS-0067,JE-COS-0067,KitKat Matcha Uji – 10 unidades,,Padrão,Doces & Chás,"O famoso KitKat japonês com autêntico chá verde Matcha de Uji. Combina wafer crocante com chocolate de matcha, oferecendo um sabor equilibrado entre o doce e o levemente amargo do chá verde.  ✔ Chocolate com Matcha de Uji ✔ Wafer crocante em camadas ✔ Sabor tradicional japonês ✔ Embalagem com 10 unidades  Uma das versões mais icônicas e apreciadas do KitKat no Japão.",Sem Marca,32.61,1000,999,0.500,,,,3,"https://res.cloudinary.com/dw4j4tpub/image/upload/f_webp,q_auto/v1781844282/nikkeybox/products/kitkat-matcha-intenso-ssx7/ax4eqpg4faum02rsz35z.jpg",,,,,,,,
JE-COS-0179,JE-COS-0179,lilyeve Grow:Turn Exosome Brush Ampoule (100ml),,Padrão,Cosméticos,"Ampoule para o couro cabeludo com aplicador em formato de escova, formulada com Exossomos de origem vegetal para fortalecer a raiz dos fios, revitalizar o couro cabeludo e auxiliar no combate à queda capilar. Sua fórmula nutritiva promove um ambiente saudável para o crescimento dos cabelos, enquanto o aplicador massageia suavemente o couro cabeludo, potencializando a absorção dos ativos.  Benefícios:  * Auxilia na redução da queda capilar. * Fortalece a raiz e estimula um couro cabeludo mais saudável. * Hidrata e revitaliza o couro cabeludo. * Ajuda a equilibrar a oleosidade e aliviar desconfortos. * Aplicador com escova de silicone que proporciona uma massagem relaxante e melhora a absorção do produto.  Indicado para: Todos os tipos de cabelo, especialmente para quem sofre com queda, fios enfraquecidos ou deseja fortalecer o couro cabeludo.  Modo de uso: Aplique diretamente no couro cabeludo limpo utilizando o aplicador massageador. Massageie delicadamente em movimentos circulares até completa absorção. Não enxágue e utilize regularmente para melhores resultados.",Sem Marca,227.31,7000,999,0.500,,,,3,,,,,,,,,"IMAGEM LOCAL (base64) — precisa subir a foto manualmente, URL não disponível"
JE-COS-0178,JE-COS-0178,lilyeve Scalp:Turn Cica PDRN Brush Ampoule (100ml),,Padrão,Cosméticos,"Ampoule para o couro cabeludo com aplicador em formato de escova, desenvolvida para acalmar, fortalecer e revitalizar o couro cabeludo. Enriquecida com Cica (Centella Asiática) e PDRN, ajuda a reduzir a sensibilidade, controlar a oleosidade, aliviar a coceira e criar um ambiente saudável para o crescimento dos fios.  Benefícios:  * Acalma o couro cabeludo sensível e irritado. * Auxilia no fortalecimento da raiz e na redução da queda capilar. * Ajuda a controlar a oleosidade e reduzir a caspa. * Hidrata e melhora a saúde do couro cabeludo. * Aplicador com escova de silicone que massageia e facilita a absorção do produto.  Indicado para: Todos os tipos de cabelo, especialmente para quem sofre com queda, couro cabeludo sensível, oleosidade excessiva ou caspa.  Modo de uso: Aplique diretamente no couro cabeludo limpo utilizando o aplicador massageador. Massageie suavemente para espalhar o produto e estimular a circulação. Não enxágue e utilize regularmente para melhores resultados.",Sem Marca,227.31,7000,999,0.500,,,,3,"https://res.cloudinary.com/dw4j4tpub/image/upload/f_webp,q_auto/v1783949758/nikkeybox/products/lilyeve-scalp-turn-cica-pdrn-brush-ampou-oa9d/z4acdxupgiznkq7hdcq1.jpg","https://res.cloudinary.com/dw4j4tpub/image/upload/f_webp,q_auto/v1783949760/nikkeybox/products/lilyeve-scalp-turn-cica-pdrn-brush-ampou-oa9d/qolzjcg7ozlhxex8oz91.jpg",,,,,,,
JE-DOC-0029,JE-DOC-0029,Lotte Choco Pie Party Pack,,Padrão,Doces & Chás,"Um dos doces mais famosos da Coreia e do Japão! O Choco Pie combina duas camadas de bolo macio com um recheio cremoso de marshmallow, tudo envolvido por uma deliciosa cobertura de chocolate.  🍫 Destaques: • Bolo macio e fofinho • Recheio cremoso de marshmallow • Cobertura de chocolate ao leite • Sabor equilibrado e textura irresistível • Ideal para o lanche, café da tarde ou sobremesa",Sem Marca,32.61,1000,999,,,,,3,"https://res.cloudinary.com/dw4j4tpub/image/upload/f_webp,q_auto/v1781705957/nikkeybox/products/lotte-choco-pie-party-pack-s404/my6vmxqtkf4jdgrguwpt.webp","https://res.cloudinary.com/dw4j4tpub/image/upload/f_webp,q_auto/v1781705960/nikkeybox/products/lotte-choco-pie-party-pack-s404/aundnhcuop9xc0iferfl.webp",,,,,,,
JE-DOC-0030,JE-DOC-0030-small,Lotte Custard Cake,Opção,Grande,Doces & Chás,"Delicioso bolinho japonês com massa macia e fofinha, recheado com um cremoso creme de baunilha tipo custard. Uma combinação perfeita para acompanhar café, chá ou saborear como sobremesa.  🍰 Destaques: • Massa leve e extremamente macia • Recheio cremoso sabor custard (baunilha) • Textura suave que derrete na boca • Ideal para o café da manhã, lanche ou sobremesa • Embalado individualmente para maior praticidade",Sem Marca,32.61,1000,999,,,,,3,"https://res.cloudinary.com/dw4j4tpub/image/upload/f_webp,q_auto/v1781705959/nikkeybox/products/lotte-custard-cake-jjk3/hxyxh3ubyyavs7hdwcn5.webp",,,,,,,,
JE-DOC-0030,JE-DOC-0030-var-mquf1t0m,Lotte Custard Cake,Opção,Pequeno,Doces & Chás,"Delicioso bolinho japonês com massa macia e fofinha, recheado com um cremoso creme de baunilha tipo custard. Uma combinação perfeita para acompanhar café, chá ou saborear como sobremesa.  🍰 Destaques: • Massa leve e extremamente macia • Recheio cremoso sabor custard (baunilha) • Textura suave que derrete na boca • Ideal para o café da manhã, lanche ou sobremesa • Embalado individualmente para maior praticidade",Sem Marca,52.08,1600,999,,,,,3,"https://res.cloudinary.com/dw4j4tpub/image/upload/f_webp,q_auto/v1781705959/nikkeybox/products/lotte-custard-cake-jjk3/hxyxh3ubyyavs7hdwcn5.webp",,,,,,,,
JE-DOC-0031,JE-DOC-0031,Lotte Ghana Black Chocolate 50% Cacau,,Padrão,Doces & Chás,"Chocolate amargo japonês elaborado com 50% de cacau, oferecendo um sabor mais intenso e equilibrado, sem perder a cremosidade característica da linha Ghana. Ideal para quem aprecia chocolates com notas mais marcantes de cacau.  🍫 Destaques: • Contém 50% de cacau • Sabor intenso e sofisticado • Textura cremosa e agradável ao paladar • Menos doce que o chocolate ao leite tradicional • Perfeito para degustar puro ou acompanhar café e chá",Sem Marca,13.14,400,999,,,,,3,"https://res.cloudinary.com/dw4j4tpub/image/upload/f_webp,q_auto/v1781705962/nikkeybox/products/lotte-ghana-black-chocolate-50-cacau-kue0/pxjzpiwa3xkrqgh1yb32.webp",,,,,,,,
JE-DOC-0032,JE-DOC-0032,Lotte Ghana Milk Chocolate,,Padrão,Doces & Chás,"Um dos chocolates ao leite mais tradicionais e vendidos do Japão. Produzido pela Lotte, o Ghana Milk Chocolate é conhecido por sua textura extremamente cremosa e sabor equilibrado, feito com cacau selecionado e leite de alta qualidade.  🍫 Destaques: • Chocolate ao leite suave e cremoso • Sabor rico e equilibrado de cacau e leite • Derrete facilmente na boca • Ideal para consumo diário, sobremesas e receitas • Produzido com ingredientes cuidadosamente selecionados",Sem Marca,13.14,400,999,,,,,3,"https://res.cloudinary.com/dw4j4tpub/image/upload/f_webp,q_auto/v1781705964/nikkeybox/products/lotte-ghana-milk-chocolate-gej6/jtrru2sgrxsk04yv0rbb.webp","https://res.cloudinary.com/dw4j4tpub/image/upload/f_webp,q_auto/v1781705966/nikkeybox/products/lotte-ghana-milk-chocolate-gej6/ousnqtgjfhdtdbrg93xm.webp",,,,,,,
JE-DOC-0033,JE-DOC-0033,Lotte Ghana White Chocolate,,Padrão,Doces & Chás,"Delicioso chocolate branco japonês com textura extremamente cremosa e sabor suave, produzido com leite de alta qualidade para proporcionar uma experiência rica e delicada a cada pedaço.  🤍 Destaques: • Chocolate branco cremoso e aveludado • Sabor suave e equilibrado • Derrete facilmente na boca • Ideal para consumo diário ou para acompanhar café e chá • Produzido com ingredientes selecionados",Sem Marca,13.14,400,999,,,,,3,"https://res.cloudinary.com/dw4j4tpub/image/upload/f_webp,q_auto/v1781705965/nikkeybox/products/lotte-ghana-white-chocolate-o5e6/wns9zlhxz3fbcjdnnsnw.webp","https://res.cloudinary.com/dw4j4tpub/image/upload/f_webp,q_auto/v1781705967/nikkeybox/products/lotte-ghana-white-chocolate-o5e6/svh7hvrz78jprsyrlpj3.webp",,,,,,,
JE-COS-0068,JE-COS-0068,LuLuLun Precious Balance – Máscara Facial Japonesa,,Padrão,Cosméticos,"Máscara facial premium desenvolvida para hidratar, equilibrar e revitalizar a pele diariamente. Sua fórmula ajuda a manter a pele macia, uniforme e com aparência saudável.  ✔ Hidratação intensa ✔ Ajuda a equilibrar a pele ✔ Uso diário prático e confortável ✔ Pele mais suave e luminosa  Ideal para quem busca uma rotina de cuidados simples e eficaz.",Sem Marca,129.96,4000,999,0.500,,,,3,"https://res.cloudinary.com/dw4j4tpub/image/upload/f_webp,q_auto/v1781844412/nikkeybox/products/lululun-precious-balance-mascara-facial--e3ea/o42ylww8tpcylsx5y7cc.jpg","https://res.cloudinary.com/dw4j4tpub/image/upload/f_webp,q_auto/v1781844414/nikkeybox/products/lululun-precious-balance-mascara-facial--e3ea/go7gqdx4d1bqyzy99lqa.jpg",,,,,,,
JE-COS-0069,JE-COS-0069,LuLuLun Precious Clear – Máscara  Facial Iluminadora e Renovadora 32 unidade ,,Padrão,Cosméticos,"Máscara facial desenvolvida para hidratar, suavizar e renovar a aparência da pele. Ajuda a deixar o rosto mais macio, luminoso e com sensação de frescor.  ✔ Hidratação diária ✔ Auxilia na renovação da pele ✔ Toque suave e confortável ✔ Pele mais iluminada e saudável  Ideal para manter a pele bonita e bem cuidada todos os dias.",Sem Marca,123.47,3800,999,0.500,,,,3,"https://res.cloudinary.com/dw4j4tpub/image/upload/f_webp,q_auto/v1781705970/nikkeybox/products/lululun-precious-clear-mascara-facial-il-blyd/cnob4bkxrv43pcguaznn.webp","https://res.cloudinary.com/dw4j4tpub/image/upload/f_webp,q_auto/v1781705973/nikkeybox/products/lululun-precious-clear-mascara-facial-il-blyd/pfdei8bivk5zqzs8glwx.webp",,,,,,,
JE-COS-0070,JE-COS-0070,LuLuLun Precious Moist – Máscara  Facial Hidratante  Premium 33 unidade ,,Padrão,Cosméticos,"Máscara facial de hidratação intensa que ajuda a nutrir e revitalizar a pele. Deixa o rosto mais macio, firme e com aspecto saudável.  ✔ Hidratação profunda ✔ Auxilia na elasticidade da pele ✔ Toque suave e confortável ✔ Pele mais viçosa e luminosa  Ideal para quem busca hidratação e cuidado diário para a pele.",Sem Marca,123.47,3800,999,0.500,,,,3,"https://res.cloudinary.com/dw4j4tpub/image/upload/f_webp,q_auto/v1781705973/nikkeybox/products/lululun-precious-moist-mascara-facial-hi-3oso/hpvbqqd3jlpsmce0611o.webp","https://res.cloudinary.com/dw4j4tpub/image/upload/f_webp,q_auto/v1781705976/nikkeybox/products/lululun-precious-moist-mascara-facial-hi-3oso/tnnqfhib0lx0es5skhyb.webp",,,,,,,
JE-DOC-0034,JE-DOC-0034,Maruchan Gotsumori Yakisoba – Molho Especial (Porção Grande) 2 unidade,,Padrão,Doces & Chás,Uma das yakisobas instantâneas mais populares do Japão! A Gotsumori Yakisoba traz uma porção generosa de macarrão com molho encorpado e acompanha sachê de maionese picante Kewpie para deixar o sabor ainda mais irresistível.  Características: ✨ Porção grande com 130g de macarrão. ✨ Molho yakisoba rico e saboroso. ✨ Acompanha maionese picante Kewpie Karashi. ✨ Pronta em apenas 3 minutos. ✨ Ideal para quem gosta de refeições rápidas e saborosas.,Sem Marca,39.10,1200,999,,,,,3,"https://res.cloudinary.com/dw4j4tpub/image/upload/f_webp,q_auto/v1781705975/nikkeybox/products/maruchan-gotsumori-yakisoba-molho-especi-btwd/fq6xnroh9smnabxwvmu9.webp","https://res.cloudinary.com/dw4j4tpub/image/upload/f_webp,q_auto/v1781705980/nikkeybox/products/maruchan-gotsumori-yakisoba-molho-especi-btwd/mz0gy3w1ztkxice1phxr.webp",,,,,,,
JE-COS-0071,JE-COS-0071,Máscara Facial de Arroz Japonês  Cosparade Fukkurinko – 33 Máscaras,,Padrão,Cosméticos,"Máscara facial enriquecida com extratos de arroz que ajuda a hidratar, suavizar e cuidar dos poros. Deixa a pele macia, revitalizada e com aparência mais uniforme.  ✔ Hidratação intensa ✔ Auxilia no cuidado dos poros ✔ Pele mais macia e luminosa ✔ Embalagem econômica com 33 máscaras  Ideal para a rotina diária de cuidados com a pele.",Sem Marca,123.47,3800,999,0.500,,,,3,"https://res.cloudinary.com/dw4j4tpub/image/upload/f_webp,q_auto/v1781705982/nikkeybox/products/mascara-facial-de-arroz-japones-cosparad-sz53/oot2gqiquczctofhakw0.webp","https://res.cloudinary.com/dw4j4tpub/image/upload/f_webp,q_auto/v1781705987/nikkeybox/products/mascara-facial-de-arroz-japones-cosparad-sz53/npxb93aoasvwprmydizu.webp",,,,,,,
JE-COS-0072,JE-COS-0072,Medicube 3H Relief Cream,,Padrão,Cosméticos,"Creme hidratante calmante desenvolvido para ajudar a aliviar irritações, fortalecer a barreira da pele e manter a hidratação por mais tempo. Possui textura leve e confortável para o uso diário.  ✔ Hidrata profundamente ✔ Ajuda a acalmar a pele sensível ✔ Fortalece a barreira cutânea ✔ Textura leve e de rápida absorção  Ideal para peles sensíveis, ressecadas ou com vermelhidão.",Sem Marca,175.39,5400,999,0.500,,,,3,"https://res.cloudinary.com/dw4j4tpub/image/upload/f_webp,q_auto/v1781705984/nikkeybox/products/medicube-3h-relief-cream-oaed/yl1o0zhsmmxhhtjvco4q.webp",,,,,,,,
JE-COS-0073,JE-COS-0073,Medicube AGE-R Booster Pro X2,,Padrão,Cosméticos,"O Medicube AGE-R Booster Pro X2 é um dispositivo facial multifuncional que combina tecnologias avançadas para potencializar os resultados da sua rotina de skincare. Com 6 modos de tratamento, ele melhora a absorção dos ativos, ajuda a firmar a pele, suavizar a textura e proporcionar uma aparência mais saudável e radiante.  Modos de tratamento:  * Booster Mode: potencializa a absorção de séruns e cremes. * MC Mode (Microcorrente): ajuda a melhorar a firmeza e a elasticidade da pele. * Derma Shot (EMS): estimula suavemente os músculos faciais, promovendo um efeito tensor. * Dual Mode: combina duas tecnologias em um único tratamento para resultados potencializados. * Mask Mode: intensifica a absorção dos ativos durante o uso de máscaras faciais. * Air Shot: tecnologia que auxilia no cuidado dos poros e melhora a textura da pele.  Benefícios:  * Potencializa a eficácia dos cosméticos. * Ajuda a melhorar a firmeza e o contorno facial. * Suaviza a aparência dos poros. * Favorece uma pele mais hidratada, luminosa e uniforme. * Intensidades ajustáveis para diferentes necessidades. * Design moderno, portátil e fácil de usar.  Ideal para todos os tipos de pele, o AGE-R Booster Pro X2 oferece um tratamento completo inspirado em clínicas de estética, permitindo cuidar da pele no conforto de casa com tecnologia de última geração.",Sem Marca,1497.69,46150,999,1.000,,,,3,,,,,,,,,"IMAGEM LOCAL (base64) — precisa subir a foto manualmente, URL não disponível"
JE-COS-0074,JE-COS-0074,Medicube AGE-R Booster Pro X2,,Padrão,Cosméticos,"O Medicube AGE-R Booster Pro X2 é um dispositivo facial multifuncional que combina tecnologias avançadas para potencializar os resultados da sua rotina de skincare. Com 6 modos de tratamento, ele melhora a absorção dos ativos, ajuda a firmar a pele, suavizar a textura e proporcionar uma aparência mais saudável e radiante.  Modos de tratamento:  * Booster Mode: potencializa a absorção de séruns e cremes. * MC Mode (Microcorrente): ajuda a melhorar a firmeza e a elasticidade da pele. * Derma Shot (EMS): estimula suavemente os músculos faciais, promovendo um efeito tensor. * Dual Mode: combina duas tecnologias em um único tratamento para resultados potencializados. * Mask Mode: intensifica a absorção dos ativos durante o uso de máscaras faciais. * Air Shot: tecnologia que auxilia no cuidado dos poros e melhora a textura da pele.  Benefícios:  * Potencializa a eficácia dos cosméticos. * Ajuda a melhorar a firmeza e o contorno facial. * Suaviza a aparência dos poros. * Favorece uma pele mais hidratada, luminosa e uniforme. * Intensidades ajustáveis para diferentes necessidades. * Design moderno, portátil e fácil de usar.  Ideal para todos os tipos de pele, o AGE-R Booster Pro X2 oferece um tratamento completo inspirado em clínicas de estética, permitindo cuidar da pele no conforto de casa com tecnologia de última geração.",Sem Marca,1497.69,46150,999,1.000,,,,3,,,,,,,,,"IMAGEM LOCAL (base64) — precisa subir a foto manualmente, URL não disponível"
JE-COS-0075,JE-COS-0075,Medicube Azelaic Acid Niacinamide Clear Toner – Tônico Facial Clareador e Calmante,,Padrão,Cosméticos,"Tônico facial com 4% de ácido azelaico e niacinamida, desenvolvido para ajudar a controlar a oleosidade, suavizar a aparência dos poros e uniformizar o tom da pele.  ✔ Ajuda no controle da oleosidade ✔ Auxilia na redução da aparência dos poros ✔ Contribui para uma pele mais uniforme ✔ Textura leve e refrescante  Ideal para peles mistas, oleosas e com tendência a imperfeições.",Sem Marca,162.41,5000,999,0.500,,,,3,"https://res.cloudinary.com/dw4j4tpub/image/upload/f_webp,q_auto/v1781705989/nikkeybox/products/medicube-azelaic-acid-niacinamide-clear--ge7d/xygtqypujd2p6kpvgltj.webp",,,,,,,,
JE-COS-0076,JE-COS-0076,Medicube Deep Vita C Capsule Cream,,Padrão,Cosméticos,"Creme facial com cápsulas de vitamina C e niacinamida que ajuda a iluminar, uniformizar o tom da pele e proporcionar hidratação intensa. Sua fórmula deixa a pele mais radiante e com aparência saudável.  ✔ Auxilia na luminosidade da pele ✔ Ajuda a uniformizar o tom ✔ Hidratação prolongada ✔ Textura leve e de rápida absorção  Ideal para quem busca uma pele mais iluminada, hidratada e revitalizada.",Sem Marca,207.84,6400,999,0.500,,,,3,"https://res.cloudinary.com/dw4j4tpub/image/upload/f_webp,q_auto/v1781705990/nikkeybox/products/medicube-deep-vita-c-capsule-cream-ixgw/v5gsroqhn4cmhzctxbhg.webp",,,,,,,,
JE-COS-0077,JE-COS-0077,Medicube Deep Vita C Pad – Discos Tonificantes Iluminadores com Vitamina C,,Padrão,Cosméticos,"Pads faciais enriquecidos com vitamina C e niacinamida que ajudam a iluminar a pele, suavizar manchas e promover uma aparência mais uniforme. Práticos para o uso diário, deixam a pele fresca, hidratada e radiante.  ✔ Ajuda a iluminar e uniformizar o tom da pele ✔ Auxilia na redução da aparência de manchas ✔ Hidrata e revitaliza a pele ✔ Uso prático para a rotina diária  Ideal para quem busca uma pele mais luminosa e saudável.",Sem Marca,155.92,4800,999,0.500,,,,3,"https://res.cloudinary.com/dw4j4tpub/image/upload/f_webp,q_auto/v1781705991/nikkeybox/products/medicube-deep-vita-c-pad-discos-tonifica-xzgv/vs8fengt7gxr0imcq3g8.webp",,,,,,,,
JE-COS-0078,JE-COS-0078,Medicube EGF NAD Firming Serum,,Padrão,Cosméticos,"Medicube EGF NAD Firming Serum  Sérum facial desenvolvido para ajudar a melhorar a firmeza e a elasticidade da pele. Sua fórmula com EGF, NAD e colágeno auxilia na hidratação, revitalização e aparência mais jovem da pele.  ✔ Ajuda a melhorar a firmeza e elasticidade ✔ Hidrata e revitaliza profundamente ✔ Auxilia na suavização de linhas finas ✔ Textura leve e rápida absorção  Ideal para quem busca uma pele mais firme, hidratada e radiante.",Sem Marca,194.86,6000,999,0.500,,,,3,"https://res.cloudinary.com/dw4j4tpub/image/upload/f_webp,q_auto/v1781705992/nikkeybox/products/medicube-egf-nad-firming-serum-2iu0/pikcbf7aej6mmnnsxidg.webp","https://res.cloudinary.com/dw4j4tpub/image/upload/f_webp,q_auto/v1781705995/nikkeybox/products/medicube-egf-nad-firming-serum-2iu0/k2h7vs8kprkvql9zw8rp.webp",,,,,,,
JE-COS-0079,JE-COS-0079,Medicube Exosome Cica Calming Pad – Discos Calmantes para Pele Sensível e Acneica,,Padrão,Cosméticos,"Pads faciais calmantes com Exosome Cica, Tea Tree e Niacinamida, desenvolvidos para hidratar, suavizar vermelhidão e ajudar no cuidado da pele sensível e com tendência à acne.  ✔ Acalma e refresca a pele ✔ Ajuda a reduzir a vermelhidão ✔ Hidrata sem pesar ✔ Auxilia no controle da oleosidade  Ideal para uma pele mais equilibrada, hidratada e confortável.",Sem Marca,155.92,4800,999,0.500,,,,3,"https://res.cloudinary.com/dw4j4tpub/image/upload/f_webp,q_auto/v1781705993/nikkeybox/products/medicube-exosome-cica-calming-pad-discos-s1vv/hjbgqohmufu1kc44shlx.webp",,,,,,,,
JE-COS-0080,JE-COS-0080,Medicube Hyaluronic Moisturizing Capsule Cream,,Padrão,Cosméticos,"Creme facial com ácido hialurônico e pantenol que proporciona hidratação intensa e duradoura, ajudando a manter a pele macia, preenchida e saudável.  ✔ Hidratação profunda e prolongada ✔ Ajuda a fortalecer a barreira da pele ✔ Suaviza o ressecamento e a sensação de repuxamento ✔ Textura leve e confortável  Ideal para quem busca uma pele hidratada, macia e revitalizada.",Sem Marca,207.84,6400,999,0.500,,,,3,"https://res.cloudinary.com/dw4j4tpub/image/upload/f_webp,q_auto/v1781705995/nikkeybox/products/medicube-hyaluronic-moisturizing-capsule-l42i/tntovn64rrcckvlrspch.webp",,,,,,,,
JE-COS-0081,JE-COS-0081,Medicube Kojic Acid Turmeric Pad – Discos Clareadores para Pele Uniforme,,Padrão,Cosméticos,"Pads faciais com ácido kójico, cúrcuma e ácido glicólico que ajudam a iluminar a pele, suavizar manchas e promover uma aparência mais uniforme e radiante.  ✔ Auxilia na redução de manchas e marcas ✔ Promove renovação suave da pele ✔ Ajuda a uniformizar o tom da pele ✔ Deixa a pele mais luminosa e revitalizada  Ideal para quem busca uma pele mais iluminada, uniforme e saudável",Sem Marca,155.92,4800,999,0.500,,,,3,"https://res.cloudinary.com/dw4j4tpub/image/upload/f_webp,q_auto/v1781705997/nikkeybox/products/medicube-kojic-acid-turmeric-pad-discos--qt0j/y10m6zjad39ukn28ap7d.webp",,,,,,,,
JE-COS-0082,JE-COS-0082,Medicube Kojic Acid Turmeric Vita Capsule Cream,,Padrão,Cosméticos,"Creme facial com ácido kójico, cúrcuma e niacinamida que ajuda a iluminar a pele, reduzir a aparência de manchas e promover um tom mais uniforme. Sua fórmula em cápsulas oferece hidratação e cuidado diário para uma pele radiante.  ✔ Auxilia na redução de manchas e marcas ✔ Ajuda a uniformizar o tom da pele ✔ Hidrata e revitaliza profundamente ✔ Deixa a pele mais luminosa e saudável  Ideal para quem busca uma pele mais uniforme, iluminada e radiante.",Sem Marca,207.84,6400,999,0.500,,,,3,"https://res.cloudinary.com/dw4j4tpub/image/upload/f_webp,q_auto/v1781705998/nikkeybox/products/medicube-kojic-acid-turmeric-vita-capsul-mu3r/ur3nkoms5339vcziheki.webp",,,,,,,,
JE-COS-0083,JE-COS-0083,Medicube One Day Exosome Shot 2000,,Padrão,Cosméticos,"Sérum facial com Exossomos, AHA, BHA e PHA que ajuda na renovação da pele, melhora a textura e auxilia no cuidado dos poros para uma aparência mais uniforme e saudável.  ✔ Auxilia na renovação da pele ✔ Ajuda a minimizar a aparência dos poros ✔ Melhora a textura e luminosidade ✔ Fórmula leve e de rápida absorção  Ideal para quem busca uma pele mais lisa, uniforme e radiante.",Sem Marca,214.33,6600,999,0.500,,,,3,"https://res.cloudinary.com/dw4j4tpub/image/upload/f_webp,q_auto/v1781705999/nikkeybox/products/medicube-one-day-exosome-shot-2000-fmrd/cqwai2mw06eh59yd9svc.webp",,,,,,,,
JE-COS-0084,JE-COS-0084,Medicube One Day Exosome Shot 25000,,Padrão,Cosméticos,"Tratamento concentrado com Exosome, AHA, BHA e PHA que promove renovação da pele, melhora a textura e ajuda a reduzir poros e irregularidades.  ✔ Auxilia na renovação celular ✔ Melhora a textura e luminosidade da pele ✔ Ajuda a minimizar poros e imperfeições ✔ Aplicador prático para uso localizado  Ideal para quem busca uma pele mais uniforme, lisa e radiante.",Sem Marca,227.31,7000,999,0.500,,,,3,"https://res.cloudinary.com/dw4j4tpub/image/upload/f_webp,q_auto/v1781706001/nikkeybox/products/medicube-one-day-exosome-shot-25000-hetk/sybzqopka7vysanumjx3.webp","https://res.cloudinary.com/dw4j4tpub/image/upload/f_webp,q_auto/v1781706003/nikkeybox/products/medicube-one-day-exosome-shot-25000-hetk/ci7a1fehqit56ea38mbn.webp",,,,,,,
JE-COS-0085,JE-COS-0085,Medicube PDRN Pink Caffeine Collagen Eye Patch,,Padrão,Cosméticos,"Patches para a área dos olhos com PDRN, cafeína e colágeno que ajudam a hidratar, suavizar sinais de cansaço e melhorar a aparência de olheiras e linhas finas.  ✔ Hidrata e revitaliza a região dos olhos ✔ Ajuda a reduzir o aspecto de cansaço ✔ Auxilia na suavização de linhas finas ✔ Proporciona sensação refrescante e confortável  Ideal para um olhar mais descansado, iluminado e firme.",Sem Marca,97.51,3000,999,0.500,,,,3,"https://res.cloudinary.com/dw4j4tpub/image/upload/f_webp,q_auto/v1781706002/nikkeybox/products/medicube-pdrn-purple-caffeine-collagen-eye-7k4j/dycpjdlvgo8yqutagvwe.webp","https://res.cloudinary.com/dw4j4tpub/image/upload/f_webp,q_auto/v1781706004/nikkeybox/products/medicube-pdrn-purple-caffeine-collagen-eye-7k4j/tm7uxzfwnov2auhbyrt4.webp",,,,,,,
JE-COS-0086,JE-COS-0086,Medicube PDRN Pink Cica Soothing Toner – Tônico Calmante e Hidratante,,Padrão,Cosméticos,"O Medicube PDRN Pink Cica Soothing Toner é um tônico facial calmante que combina PDRN, Centella Asiática e Ácido Hialurônico para hidratar profundamente, reduzir vermelhidão e fortalecer a barreira da pele. Ideal para uma rotina de cuidados focada em conforto, hidratação e recuperação da pele.",Sem Marca,149.43,4600,999,0.500,,,,3,"https://res.cloudinary.com/dw4j4tpub/image/upload/f_webp,q_auto/v1781706006/nikkeybox/products/medicube-pdrn-purple-cica-soothing-toner-t-je8q/tw5m7wl5gklosrx3yg9y.webp",,,,,,,,
JE-COS-0087,JE-COS-0087,Medicube PDRN Pink Collagen Capsule Cream,,Padrão,Cosméticos,"O Medicube PDRN Pink Collagen Capsule Cream combina PDRN, Colágeno e Niacinamida 5% em uma fórmula inovadora com cápsulas nutritivas que ajudam a hidratar, firmar e iluminar a pele. Ideal para quem busca um cuidado antissinais completo e uma aparência mais radiante e saudável.",Sem Marca,207.84,6400,999,0.500,,,,3,"https://res.cloudinary.com/dw4j4tpub/image/upload/f_webp,q_auto/v1781706008/nikkeybox/products/medicube-pdrn-purple-collagen-capsule-crea-c0yz/xee7t8avp9yfv1tj5tux.webp","https://res.cloudinary.com/dw4j4tpub/image/upload/f_webp,q_auto/v1781706011/nikkeybox/products/medicube-pdrn-purple-collagen-capsule-crea-c0yz/cy6c6jr09sutnp8lbdji.webp",,,,,,,
JE-COS-0088,JE-COS-0088,Medicube PDRN Pink Collagen Toning Gel Toner Pad – Discos Tonificantes com Colágeno,,Padrão,Cosméticos,"O Medicube PDRN Pink Collagen Toning Gel Toner Pad combina PDRN de Salmão e Colágeno para hidratar, melhorar a firmeza e devolver o brilho natural da pele. Ideal para quem deseja uma pele mais luminosa, macia e com aparência rejuvenescida.",Sem Marca,162.41,5000,999,0.500,,,,3,"https://res.cloudinary.com/dw4j4tpub/image/upload/f_webp,q_auto/v1781706008/nikkeybox/products/medicube-pdrn-purple-collagen-toning-gel-t-vlk4/tdy0inuxpindwx2vqgcq.webp",,,,,,,,
JE-COS-0089,JE-COS-0089,Medicube PDRN Pink Collagen Volume Multi Balm,,Padrão,Cosméticos,"O Medicube PDRN Pink Collagen Volume Multi Balm é um balm multifuncional enriquecido com PDRN e Colágeno que hidrata, ilumina e ajuda a melhorar a aparência da firmeza da pele. Ideal para retoques rápidos durante o dia, proporcionando um efeito glow saudável e uma pele visivelmente mais radiante.",Sem Marca,162.41,5000,999,0.500,,,,3,"https://res.cloudinary.com/dw4j4tpub/image/upload/f_webp,q_auto/v1781706011/nikkeybox/products/medicube-pdrn-purple-collagen-volume-multi-5vci/pg5hyeyncpaajwktaqua.webp","https://res.cloudinary.com/dw4j4tpub/image/upload/f_webp,q_auto/v1781706013/nikkeybox/products/medicube-pdrn-purple-collagen-volume-multi-5vci/bpd2zg27v4l8re391btw.webp",,,,,,,
JE-COS-0090,JE-COS-0090,Medicube PDRN Pink Niacinamide Milky Toner – Tônico Hidratante e Iluminador,,Padrão,Cosméticos,"O Medicube PDRN Pink Niacinamide Milky Toner é um tônico facial hidratante de textura leitosa que combina PDRN, niacinamida, ceramidas e pantenol para nutrir, fortalecer e iluminar a pele. Ideal para quem deseja uma pele mais macia, saudável e radiante todos os dias.",Sem Marca,162.41,5000,999,0.500,,,,3,"https://res.cloudinary.com/dw4j4tpub/image/upload/f_webp,q_auto/v1781706016/nikkeybox/products/medicube-pdrn-purple-niacinamide-milky-ton-hy0m/r26o0ez37lo5ijyqj2np.webp",,,,,,,,
JE-COS-0092,JE-COS-0092,Medicube Ultra Light PDRN Pink Peptide Serum,,Padrão,Cosméticos,"O Medicube Ultra Light PDRN Pink Peptide Serum combina PDRN, Niacinamida e Peptídeos para hidratar profundamente, melhorar a firmeza e devolver a luminosidade natural da pele. Sua textura leve é rapidamente absorvida, proporcionando uma pele mais saudável, uniforme e radiante.",Sem Marca,240.29,7400,999,0.500,,,,3,"https://res.cloudinary.com/dw4j4tpub/image/upload/f_webp,q_auto/v1781706017/nikkeybox/products/medicube-ultra-light-pdrn-purple-peptide-s-z0zy/xb3n3abc1mkhozxfvejk.webp",,,,,,,,
JE-COS-0093,JE-COS-0093,Medicube X Forever Cherry Ribbon Beautiful Gloss Brush,,Padrão,Cosméticos,"A Medicube Cherry Ribbon Gloss Brush é uma escova premium desenvolvida para desembaraçar os fios com suavidade, reduzir o frizz e proporcionar um acabamento mais brilhante e alinhado. Seu design exclusivo em formato de laço une beleza, conforto e praticidade para o uso diário.  Benefícios:  * Desembaraça os fios sem puxar ou quebrar. * Ajuda a reduzir o frizz e a eletricidade estática. * Massageia delicadamente o couro cabeludo. * Proporciona cabelos mais alinhados e com brilho natural. * Design ergonômico e compacto, fácil de levar na bolsa. * Sistema de fechamento que protege as cerdas contra poeira e sujeira.  Ideal para todos os tipos de cabelo, é perfeita para quem busca praticidade, proteção dos fios e um acessório elegante para a rotina de cuidados capilares.",Sem Marca,201.35,6200,999,0.500,,,,3,,,,,,,,,"IMAGEM LOCAL (base64) — precisa subir a foto manualmente, URL não disponível"
JE-COS-0094,JE-COS-0094,Medicube Zero Pore Blackhead Mud Mask (100g),,Padrão,Cosméticos,"Máscara de argila desenvolvida para auxiliar na limpeza profunda dos poros, remoção de cravos e controle da oleosidade da pele.  ✨ Benefícios:  * Ajuda a remover cravos e impurezas acumuladas nos poros. * Controla o excesso de oleosidade. * Promove uma limpeza profunda sem ressecar excessivamente a pele. * Contribui para uma aparência mais uniforme e poros menos visíveis. * Fórmula com AHA, BHA e PHA, que auxiliam na esfoliação suave e renovação da pele.  🧴 Modo de uso: Após a limpeza do rosto, aplique uma camada uniforme evitando a área dos olhos e lábios. Deixe agir por 10 a 15 minutos e enxágue com água morna. Utilize de 1 a 2 vezes por semana.",Sem Marca,194.86,6000,999,0.500,,,,3,"https://res.cloudinary.com/dw4j4tpub/image/upload/f_webp,q_auto/v1781706020/nikkeybox/products/medicube-zero-pore-blackhead-mud-mask-10-d0g2/bppnmxk5opuxdetuuvse.webp",,,,,,,,
JE-COS-0095,JE-COS-0095,Medicube Zero Pore One Day Peptide Serum,,Padrão,Cosméticos,"O Medicube Zero Pore One Day Peptide Serum combina AHA, BHA, PHA, LHA e um complexo de 10 peptídeos para ajudar a reduzir a aparência dos poros, controlar a oleosidade e melhorar a textura da pele. Ideal para quem deseja uma pele mais uniforme, hidratada e com aparência refinada.",Sem Marca,194.86,6000,999,0.500,,,,3,"https://res.cloudinary.com/dw4j4tpub/image/upload/f_webp,q_auto/v1781706021/nikkeybox/products/medicube-zero-pore-one-day-peptide-serum-dlwm/rgthig978kqh6ydgvwyj.webp",,,,,,,,
JE-COS-0096,JE-COS-0096,Medicube Zero Pore Pad – Discos Esfoliantes para Poros,,Padrão,Cosméticos,"O Medicube Zero Pore Pad é um tratamento em discos esfoliantes que combina AHA, BHA e ingredientes hidratantes para ajudar a limpar os poros, controlar a oleosidade e melhorar a textura da pele. Ideal para uma pele mais lisa, uniforme e saudável.",Sem Marca,155.92,4800,999,0.500,,,,3,"https://res.cloudinary.com/dw4j4tpub/image/upload/f_webp,q_auto/v1781706022/nikkeybox/products/medicube-zero-pore-pad-discos-esfoliante-p6rd/t4ewybjenilt4zkeynti.webp",,,,,,,,
JE-DOC-0036,JE-DOC-0036,Meiji Almond Chocolate,,Padrão,Doces & Chás,Uma combinação clássica da confeitaria japonesa: amêndoas inteiras cuidadosamente selecionadas e envolvidas por uma camada generosa de chocolate ao leite cremoso. Um snack sofisticado que une crocância e sabor em cada mordida.  🌰 Destaques: • Amêndoas inteiras torradas • Cobertura de chocolate ao leite premium • Textura crocante e sabor equilibrado • Fonte natural de fibras e nutrientes das amêndoas • Ideal para lanches e momentos de indulgência,Sem Marca,22.88,700,999,,,,,3,"https://res.cloudinary.com/dw4j4tpub/image/upload/f_webp,q_auto/v1781706025/nikkeybox/products/meiji-almond-chocolate-tfud/ho4874y5f4vqdolxjina.webp","https://res.cloudinary.com/dw4j4tpub/image/upload/f_webp,q_auto/v1781706027/nikkeybox/products/meiji-almond-chocolate-tfud/o6mpnwli5xngmpj33ypy.webp","https://res.cloudinary.com/dw4j4tpub/image/upload/f_webp,q_auto/v1781706029/nikkeybox/products/meiji-almond-chocolate-tfud/jmzh8qbpgfeixm30yxyn.webp",,,,,,
JE-DOC-0037,JE-DOC-0037,Meiji Apollo Chocolate Morango e Chocolate,,Padrão,Doces & Chás,"Um dos chocolates mais famosos e queridos do Japão! O Meiji Apollo combina chocolate ao leite com uma deliciosa camada de chocolate sabor morango, criando um equilíbrio perfeito entre o doce e o frutado.  🍓 Destaques: • Combinação de chocolate ao leite e morango • Sabor suave e delicado • Formato exclusivo inspirado na cápsula da nave Apollo • Perfeito para lanches, sobremesas ou para presentear • Produto clássico da confeitaria japonesa",Sem Marca,16.39,500,999,,,,,3,"https://res.cloudinary.com/dw4j4tpub/image/upload/f_webp,q_auto/v1781706025/nikkeybox/products/meiji-apollo-chocolate-morango-e-chocola-846o/gke0x9osedcq7oujzpzj.webp","https://res.cloudinary.com/dw4j4tpub/image/upload/f_webp,q_auto/v1781706027/nikkeybox/products/meiji-apollo-chocolate-morango-e-chocola-846o/hwqu4g0jjalmupjs7aio.webp",,,,,,,
JE-DOC-0038,JE-DOC-0038,Meiji Kaju Gummy Uva – 100% Suco de Uva 10 unidade,,Padrão,Doces & Chás,"A famosa goma japonesa Kaju Gummy da Meiji oferece o sabor autêntico da uva em uma textura macia e suculenta. Produzida com o equivalente a 100% de suco de uva, é perfeita para quem procura um doce com sabor intenso e natural.",Sem Marca,97.51,3000,999,,,,,3,"https://res.cloudinary.com/dw4j4tpub/image/upload/f_webp,q_auto/v1781706032/nikkeybox/products/meiji-kaju-gummy-uva-100-suco-de-uva-rl2p/phrf2qhz32a8sk3m8vuz.webp",,,,,,,,
JE-COS-0097,JE-COS-0097,Meiji Kinoko no Yama (Montanha dos Cogumelos),,Padrão,Doces & Chás,"Um dos snacks mais icônicos do Japão! O Kinoko no Yama combina um delicioso biscoito crocante em formato de haste com uma cobertura cremosa de chocolate ao leite, formando divertidos cogumelos que conquistam crianças e adultos.  🍄 Destaques: • Chocolate ao leite cremoso e saboroso • Base de biscoito crocante • Textura equilibrada entre crocância e cremosidade • Ideal para lanches, sobremesas ou para compartilhar • Formato divertido de cogumelo",Sem Marca,16.39,500,999,0.500,,,,3,"https://res.cloudinary.com/dw4j4tpub/image/upload/f_webp,q_auto/v1781706032/nikkeybox/products/meiji-kinoko-no-yama-montanha-dos-cogume-b09e/li86olnsghpklx2ei8qu.webp","https://res.cloudinary.com/dw4j4tpub/image/upload/f_webp,q_auto/v1781706035/nikkeybox/products/meiji-kinoko-no-yama-montanha-dos-cogume-b09e/yy5ubs5lvvi3ql3ckkut.webp",,,,,,,
JE-DOC-0039,JE-DOC-0039,Meiji Macadamia Chocolate,,Padrão,Doces & Chás,"Uma combinação premium de chocolate ao leite e macadâmias inteiras selecionadas. Conhecido por sua textura amanteigada e sabor sofisticado, este é um dos chocolates mais apreciados da linha Meiji.  🥜 Destaques: • Macadâmias inteiras de alta qualidade • Cobertura de chocolate ao leite cremoso • Textura crocante por fora e macia por dentro • Sabor rico e delicadamente amanteigado • Ideal para momentos de indulgência e para presentear",Sem Marca,22.88,700,999,,,,,3,"https://res.cloudinary.com/dw4j4tpub/image/upload/f_webp,q_auto/v1781706036/nikkeybox/products/meiji-macadamia-chocolate-xv6l/hr27gjfpw12iy924am03.webp","https://res.cloudinary.com/dw4j4tpub/image/upload/f_webp,q_auto/v1781706040/nikkeybox/products/meiji-macadamia-chocolate-xv6l/vdjdf0zghflnorc3cn8a.webp","https://res.cloudinary.com/dw4j4tpub/image/upload/f_webp,q_auto/v1781706042/nikkeybox/products/meiji-macadamia-chocolate-xv6l/wntl6odry3ayx9y8d0tr.webp",,,,,,
JE-DOC-0040,JE-DOC-0040,Meiji Milk Chocolate,,Padrão,Doces & Chás,"Um dos chocolates ao leite mais tradicionais e amados do Japão. Produzido pela Meiji, este clássico oferece uma textura suave e cremosa, combinando o sabor rico do cacau com a delicadeza do leite para uma experiência irresistível.  🍫 Destaques: • Chocolate ao leite de alta qualidade • Textura cremosa que derrete na boca • Sabor equilibrado entre leite e cacau • Ideal para lanches, sobremesas e momentos de indulgência • Produzido com ingredientes cuidadosamente selecionados",Sem Marca,13.14,400,999,,,,,3,"https://res.cloudinary.com/dw4j4tpub/image/upload/f_webp,q_auto/v1781706038/nikkeybox/products/meiji-milk-chocolate-46o5/vlhvqno1bkigscuj3fxt.webp","https://res.cloudinary.com/dw4j4tpub/image/upload/f_webp,q_auto/v1781706041/nikkeybox/products/meiji-milk-chocolate-46o5/ncmbpykc9navragbvyet.webp",,,,,,,
JE-COS-0098,JE-COS-0098,Melano CC Vitamin C Brightening Essence,,Padrão,Cosméticos,"O Melano CC Intensive Anti-Spot Cream é um dos cremes clareadores mais populares do Japão. Enriquecido com Vitamina C e Vitamina E, ajuda a suavizar manchas, marcas de acne e diferenças de tonalidade da pele, proporcionando hidratação e luminosidade para uma aparência mais radiante e uniforme.",Sem Marca,71.55,2200,999,0.500,,,,3,"https://res.cloudinary.com/dw4j4tpub/image/upload/f_webp,q_auto/v1781706043/nikkeybox/products/melano-cc/kz1qar0uxldv07kc1dkc.webp",,,,,,,,
JE-COS-0099,JE-COS-0099,Men’s Biore Pore Pack (Adesivo Removedor de Cravos para Homens),,Padrão,Cosméticos,"O Men’s Biore Pore Pack foi desenvolvido especialmente para a pele masculina, ajudando a remover cravos, excesso de oleosidade e impurezas dos poros do nariz. Com formato maior e alta aderência, proporciona uma limpeza profunda e resultados visíveis logo após o uso.",Sem Marca,84.53,2600,999,0.500,,,,3,"https://res.cloudinary.com/dw4j4tpub/image/upload/f_webp,q_auto/v1781706045/nikkeybox/products/men-s-biore-pore-pack-adesivo-removedor--y2gh/mwak5vxnuqiizjcjmpv1.webp",,,,,,,,
JE-COS-0100,JE-COS-0100,Men’s Biore Pore Pack Black (Adesivo Removedor de Cravos com Carvão para Homens),,Padrão,Cosméticos,"O Men’s Biore Pore Pack Black foi desenvolvido especialmente para a pele masculina. Com carvão vegetal e alta aderência, remove cravos, excesso de oleosidade e impurezas dos poros do nariz, proporcionando uma limpeza profunda e uma sensação imediata de pele renovada.",Sem Marca,84.53,2600,999,0.500,,,,3,"https://res.cloudinary.com/dw4j4tpub/image/upload/f_webp,q_auto/v1781706046/nikkeybox/products/men-s-biore-pore-pack-black-adesivo-remo-28or/tcpvdbklkbssb5vfe5bc.webp",,,,,,,,
JE-DOC-0041,JE-DOC-0041,Morinaga Hi-Chew Mix de Frutas,,Padrão,Doces & Chás,"famoso chiclete mastigável japonês Hi-Chew em uma deliciosa seleção de sabores frutados. Com textura macia e sabor intenso, cada embalagem traz uma experiência divertida e refrescante inspirada em frutas reais.  🍇 Sabores inclusos: • Uva • Morango • Maçã Verde",Sem Marca,16.39,500,999,,,,,3,"https://res.cloudinary.com/dw4j4tpub/image/upload/f_webp,q_auto/v1781706049/nikkeybox/products/morinaga-hi-chew-mix-de-frutas-844k/w1lylmsq1rs4nsttccfk.webp","https://res.cloudinary.com/dw4j4tpub/image/upload/f_webp,q_auto/v1781706052/nikkeybox/products/morinaga-hi-chew-mix-de-frutas-844k/hb6c29wxnpznwtb34ags.webp",,,,,,,
JE-COS-0101,JE-COS-0101,Nature Republic California Aloe Cooling Watery Sun Stick ,,Padrão,Cosméticos,"O Cooling Watery Sun Stick da Nature Republic oferece alta proteção solar com um refrescante efeito cooling, ajudando a reduzir a sensação de calor na pele durante a aplicação. Sua textura leve e hidratante desliza facilmente, sem deixar resíduos brancos ou sensação pegajosa.  Benefícios:  * Alta proteção contra os raios UVA e UVB (SPF50+ PA++++). * Efeito refrescante imediato na pele. * Hidrata e acalma com extrato de aloe vera. * Textura leve, confortável e de rápida absorção. * Resistente à água e ao suor. * Pode ser aplicado no rosto e corpo, inclusive sobre a maquiagem.  Ideal para todos os tipos de pele, especialmente nos dias mais quentes. Prático para levar na bolsa e reaplicar ao longo do dia, garantindo proteção eficaz com sensação de frescor e conforto.",Sem Marca,107.24,3300,999,0.500,,,,3,,,,,,,,,"IMAGEM LOCAL (base64) — precisa subir a foto manualmente, URL não disponível"
JE-COS-0102,JE-COS-0102,Nature Republic California Aloe Fresh Powdery Sun Stick ,,Padrão,Cosméticos,"Proteja sua pele com praticidade usando o Fresh Powdery Sun Stick da Nature Republic. Com FPS 50+ PA++++, oferece alta proteção contra os raios UVA e UVB, enquanto sua textura leve e acabamento aveludado controlam a oleosidade sem deixar a pele pegajosa.  Benefícios:  * Alta proteção solar SPF50+ PA++++. * Acabamento seco e efeito matte. * Controla o brilho e a oleosidade ao longo do dia. * Pode ser reaplicado facilmente, até mesmo sobre a maquiagem. * Resistente à água e ao suor. * Enriquecido com extrato de aloe vera, que ajuda a hidratar e acalmar a pele.  Ideal para todos os tipos de pele, especialmente as mistas e oleosas. Perfeito para o uso diário, oferecendo proteção eficaz com uma aplicação rápida, prática e sem sujar as mãos.",Sem Marca,107.24,3300,999,0.500,,,,3,,,,,,,,,"IMAGEM LOCAL (base64) — precisa subir a foto manualmente, URL não disponível"
JE-COS-0103,JE-COS-0103,Naturie Hatomugi Skin Conditioner – Loção Tonificante Hidratante,,Padrão,Cosméticos,"A famosa loção hidratante japonesa da Naturie é enriquecida com extrato de Hatomugi (Coix Seed), proporcionando hidratação leve, refrescante e duradoura para rosto e corpo. Sua fórmula suave ajuda a manter a pele macia, equilibrada e com aparência saudável.  ✨ Benefícios:  * Hidrata profundamente sem deixar a pele oleosa. * Refresca e acalma a pele. * Ajuda a manter a barreira natural de hidratação. * Absorção rápida e textura leve. * Pode ser utilizada no rosto e no corpo. * Ideal para uso diário e para compressas faciais.  🌿 Ingrediente Principal: Extrato de Hatomugi (Coix Seed), conhecido por suas propriedades hidratantes e suavizantes, amplamente utilizado nos cuidados japoneses com a pele.  💧 Multifuncional Pode ser usado como tônico facial, loção hidratante corporal, máscara facial com algodão ou para refrescar a pele após a exposição ao sol.  💆‍♀️ Modo de uso: Após a limpeza da pele, aplique diretamente com as mãos ou com auxílio de algodão. Utilize diariamente pela manhã e à noite.  📦 Conteúdo: 500ml",Sem Marca,104.00,3200,999,0.500,,,,3,"https://res.cloudinary.com/dw4j4tpub/image/upload/f_webp,q_auto/v1781706050/nikkeybox/products/naturie-hatomugi-skin-conditioner-locao--cfnn/ctfycaosomb1cw9tipwn.webp","https://res.cloudinary.com/dw4j4tpub/image/upload/f_webp,q_auto/v1781706051/nikkeybox/products/naturie-hatomugi-skin-conditioner-locao--cfnn/xlcox1n4nmejhttchaql.webp",,,,,,,
JE-COS-0104,JE-COS-0104,Naturie Hatomugi Skin Conditioning Gel – Gel Hidratante Multifuncional,,Padrão,Cosméticos,"Gel hidratante japonês enriquecido com extrato de Hatomugi (Coix Seed), desenvolvido para proporcionar hidratação leve e duradoura sem deixar sensação pegajosa. Sua textura em gel refrescante é rapidamente absorvida, deixando a pele macia, suave e equilibrada.  ✨ Benefícios:  * Hidratação intensa com toque leve. * Absorção rápida sem sensação oleosa. * Ajuda a manter a elasticidade e maciez da pele. * Refresca e acalma a pele. * Pode ser utilizado no rosto e corpo. * Ideal para uso diário.  🌿 Ingrediente Principal: Extrato de Hatomugi (Coix Seed), conhecido por suas propriedades hidratantes e suavizantes, muito utilizado nos cuidados japoneses com a pele.  💧 Textura Gel Refrescante Perfeito para quem procura hidratação eficiente sem pesar na pele, especialmente em climas quentes ou para peles mistas e oleosas.  💆‍♀️ Modo de uso: Após a limpeza da pele, aplique uma quantidade adequada no rosto ou corpo e espalhe suavemente até completa absorção.",Sem Marca,58.57,1800,999,0.500,,,,3,"https://res.cloudinary.com/dw4j4tpub/image/upload/f_webp,q_auto/v1781706054/nikkeybox/products/naturie-hatomugi-skin-conditioning-gel-g-8ur3/mfvk51vncjnd3e4429ex.webp",,,,,,,,
JE-DOC-0042,JE-DOC-0042,Nissin Chicken Ramen Original – 5 unidade,,Padrão,Doces & Chás,"Criado em 1958 pela Nissin, o Chicken Ramen é um clássico japonês e o pioneiro dos macarrões instantâneos. Com sabor suave e delicioso de caldo de frango, é prático e fácil de preparar.  Características: ✨ Sabor tradicional de caldo de frango. ✨ Receita clássica desde 1958. ✨ Preparo rápido em apenas 3 minutos. ✨ Pode ser preparado com água quente ou na panela em 1 minuto. ✨ Ideal para adicionar ovo, cebolinha e outros acompanhamentos.  Sabor: 🍗 Caldo rico e aromático de frango. 🍜 Macarrão leve e saboroso já temperado. 🥚 Combina perfeitamente com ovo e vegetais.",Sem Marca,32.61,1000,999,,,,,3,"https://res.cloudinary.com/dw4j4tpub/image/upload/f_webp,q_auto/v1781706054/nikkeybox/products/nissin-chicken-ramen-original-o-primeiro-fmps/y17h1u3a54rmyxxnric5.webp","https://res.cloudinary.com/dw4j4tpub/image/upload/f_webp,q_auto/v1781706056/nikkeybox/products/nissin-chicken-ramen-original-o-primeiro-fmps/lu03m86stovcl8q2q9eq.webp","https://res.cloudinary.com/dw4j4tpub/image/upload/f_webp,q_auto/v1781706058/nikkeybox/products/nissin-chicken-ramen-original-o-primeiro-fmps/ne1xbju2l5wnus1jjixp.webp",,,,,,
JE-DOC-0043,JE-DOC-0043,Nissin Cup Noodles Big – Sabor Tradicional 12 unidade,,Padrão,Doces & Chás,"Desfrute do autêntico sabor japonês com o Cup Noodles Big da Nissin. Uma versão com porção maior do clássico ramen instantâneo, trazendo macarrão macio e um delicioso caldo sabor shoyu, acompanhado de camarões, carne, ovos e vegetais.",Sem Marca,279.22,8600,999,,,,,3,https://item-shopping.c.yimg.jp/i/z/e-convini_0420011000125-ha001,https://item-shopping.c.yimg.jp/i/z/e-convini_0420071002237-hv001,https://item-shopping.c.yimg.jp/i/z/kaumall_41109724,https://item-shopping.c.yimg.jp/i/z/e-convini_4902105003374-hp012,https://item-shopping.c.yimg.jp/i/z/kumano-nakatani_select-4902105-02-012,,,,
JE-COS-0105,JE-COS-0105,Obagi C Clear Advanced Lotion,,Padrão,Cosméticos,"Loção facial hidratante e iluminadora desenvolvida para preparar a pele após a limpeza, promovendo hidratação profunda e auxiliando na uniformização do tom da pele. Sua fórmula enriquecida com derivados de Vitamina C ajuda a deixar a pele mais macia, luminosa e saudável.  ✨ Principais benefícios:  * Hidrata profundamente a pele. * Auxilia na uniformização do tom da pele. * Promove luminosidade e viço natural. * Ajuda a melhorar a textura da pele. * Prepara a pele para absorver melhor os próximos passos da rotina de skincare. * Deixa a pele suave, macia e revitalizada.  🍊 Ingredientes em destaque:  * Derivados de Vitamina C: ajudam a iluminar a pele e a combater os danos causados pelos radicais livres. * Ingredientes hidratantes: auxiliam na manutenção da hidratação e da barreira cutânea.  💧 Modo de uso: Após a limpeza facial, aplique uma quantidade adequada em um algodão ou diretamente nas mãos e espalhe suavemente sobre o rosto até completa absorção.  Conteúdo: 150ml  Indicado para: Todos os tipos de pele, especialmente para quem busca hidratação, luminosidade e uma pele com aparência mais uniforme e saudável.",Sem Marca,324.65,10000,999,0.500,,,,3,"https://res.cloudinary.com/dw4j4tpub/image/upload/f_webp,q_auto/v1781706057/nikkeybox/products/obagi-c-clear-advanced-lotion-y7l2/cvfq0mlpupsywjzunhve.webp",,,,,,,,
JE-COS-0106,JE-COS-0106,Obagi C Day Serum UV ,,Padrão,Cosméticos,"Protetor solar facial com Vitamina C, desenvolvido para proteger a pele contra os raios UVA e UVB enquanto auxilia nos cuidados diários de luminosidade e hidratação. Sua fórmula combina alta proteção solar com ação antioxidante, ajudando a manter a pele saudável e radiante ao longo do dia.  ☀️ Principais benefícios:  * Alta proteção solar SPF50+ PA++++. * Ajuda a prevenir manchas causadas pela exposição solar. * Protege contra os danos dos raios UVA e UVB. * Enriquecido com Vitamina C para uma pele mais luminosa. * Auxilia na hidratação e manutenção da barreira cutânea. * Textura leve, confortável e de rápida absorção.  🍊 Ingrediente em destaque:  * Vitamina C: poderoso antioxidante que ajuda a combater os radicais livres, promovendo luminosidade e auxiliando na prevenção dos sinais de envelhecimento.  Modo de uso: Aplicar uniformemente sobre o rosto e pescoço como último passo da rotina de cuidados com a pele, antes da exposição ao sol. Reaplicar ao longo do dia quando necessário.  Conteúdo: 30g  Indicado para: Todos os tipos de pele, especialmente para quem busca proteção solar diária aliada aos benefícios antioxidantes da Vitamina C.",Sem Marca,214.33,6600,999,0.500,,,,3,"https://res.cloudinary.com/dw4j4tpub/image/upload/f_webp,q_auto/v1781706060/nikkeybox/products/obagi-c-day-serum-uv-q4bx/ezepfsfc4efa8q8eewxb.webp",,,,,,,,
JE-COS-0107,JE-COS-0107,Obagi C Powder Wash DP,,Padrão,Cosméticos,"Limpador facial em pó com Vitamina C, enzimas e extrato de Sophora Japonica (Enju), desenvolvido especialmente para auxiliar nos cuidados com poros dilatados, textura irregular e perda de firmeza da pele. Ao entrar em contato com a água, forma uma espuma suave que promove limpeza profunda sem ressecar.  ✨ Principais benefícios:  * Limpa profundamente os poros. * Remove células mortas e impurezas acumuladas. * Ajuda a melhorar a textura da pele. * Auxilia na redução da aparência dos poros dilatados. * Promove uma pele mais firme, lisa e luminosa. * Contribui para uma aparência mais uniforme e revitalizada.  🍊 Ingredientes em destaque:  * Vitamina C: ação antioxidante que ajuda a iluminar e revitalizar a pele. * Enzimas: promovem esfoliação suave, auxiliando na remoção de células mortas. * Extrato de Sophora Japonica: ajuda a manter a firmeza e a elasticidade da pele.  🫧 Modo de uso: Coloque uma pequena quantidade do pó nas mãos úmidas, adicione água e esfregue até formar espuma. Massageie suavemente o rosto e enxágue completamente.  Conteúdo: 12g  Indicado para: Todos os tipos de pele, especialmente peles com poros aparentes, textura irregular, excesso de oleosidade ou sinais de perda de firmeza.",Sem Marca,162.41,5000,999,0.500,,,,3,"https://res.cloudinary.com/dw4j4tpub/image/upload/f_webp,q_auto/v1781706060/nikkeybox/products/obagi-c-powder-wash-dp-vckn/aecv5qfogncsvmmh6xyu.webp",,,,,,,,
JE-COS-0108,JE-COS-0108,Obagi C Powder Wash,,Padrão,Cosméticos,"Limpador facial em pó com Vitamina C e enzimas, desenvolvido para remover impurezas, excesso de oleosidade e células mortas, proporcionando uma limpeza profunda sem ressecar a pele. Ao entrar em contato com a água, forma uma espuma suave que deixa a pele limpa, macia e radiante.  ✨ Principais benefícios:  * Limpeza profunda dos poros. * Auxilia na remoção de cravos e células mortas. * Ajuda a controlar a oleosidade. * Promove uma pele mais lisa e luminosa. * Contribui para a redução da aparência dos poros. * Deixa a pele com sensação de frescor e maciez.  🍊 Ingredientes em destaque:  * Vitamina C: ação antioxidante que ajuda a iluminar e revitalizar a pele. * Enzimas: auxiliam na esfoliação suave, removendo impurezas e resíduos acumulados nos poros.  Modo de uso: Coloque uma pequena quantidade do pó nas mãos úmidas, adicione água e esfregue até formar espuma. Massageie suavemente o rosto e enxágue completamente.  Conteúdo: 12g  Indicado para: Todos os tipos de pele, especialmente peles oleosas, com poros aparentes, cravos e textura irregular.",Sem Marca,129.96,4000,999,0.500,,,,3,"https://res.cloudinary.com/dw4j4tpub/image/upload/f_webp,q_auto/v1781706062/nikkeybox/products/obagi-c-powder-wash-shwv/wxo4p36ungydikh2dpqw.webp",,,,,,,,
JE-COS-0109,JE-COS-0109,Obagi C Serum Gel,,Padrão,Cosméticos,"Gel hidratante facial da linha Obagi, desenvolvido para proporcionar hidratação intensa, melhorar a textura da pele e auxiliar na manutenção de uma aparência saudável e luminosa. Sua fórmula leve é rapidamente absorvida, deixando a pele macia e confortável ao longo do dia.  ✨ Principais benefícios:  * Hidrata profundamente sem deixar sensação oleosa. * Ajuda a melhorar a maciez e elasticidade da pele. * Contribui para uma pele mais luminosa e revitalizada. * Auxilia na manutenção da barreira de proteção natural da pele. * Textura leve e de rápida absorção.  🍊 Destaques da fórmula:  * Ingredientes hidratantes que ajudam a reter a umidade da pele. * Tecnologia Obagi para cuidados diários e aparência saudável da pele.  Modo de uso: Após a limpeza e aplicação do sérum, aplique uma quantidade adequada no rosto e pescoço, massageando suavemente até completa absorção.  Conteúdo: 80g  Indicado para: Todos os tipos de pele, especialmente peles que necessitam de hidratação, revitalização e cuidados diários para manter a aparência saudável e radiante.",Sem Marca,285.71,8800,999,0.500,,,,3,"https://res.cloudinary.com/dw4j4tpub/image/upload/f_webp,q_auto/v1781706063/nikkeybox/products/obagi-c-serum-gel-9k9r/q6mv0b2agemsmuqcbj0e.webp",,,,,,,,
JE-COS-0110,JE-COS-0110,Obagi C10 Serum (Vitamina C 10%),,Padrão,Cosméticos,"Sérum facial com 10% de Vitamina C pura, ideal para quem deseja iniciar os cuidados com vitamina C ou possui pele mais sensível. Sua fórmula auxilia na hidratação, luminosidade e uniformização do tom da pele, proporcionando uma aparência mais saudável e radiante.  ✨ Principais benefícios:  * Ajuda a iluminar e revitalizar a pele. * Auxilia na uniformização do tom da pele. * Contribui para a redução da aparência de manchas e marcas. * Ajuda a minimizar a aparência dos poros. * Proporciona hidratação e maciez. * Ação antioxidante contra os danos causados pelos radicais livres.  🍊 Ingrediente em destaque:  * Vitamina C Pura 10%: auxilia na produção de colágeno, melhora a luminosidade da pele e ajuda a prevenir os sinais visíveis do envelhecimento.  Modo de uso: Após a limpeza da pele, aplique de 3 a 4 gotas no rosto e pescoço, espalhando suavemente até a completa absorção. Durante o dia, utilize protetor solar.  Conteúdo: 12ml  Indicado para: Todos os tipos de pele, especialmente para iniciantes no uso de vitamina C, peles sensíveis ou para quem busca luminosidade, hidratação e uniformização do tom da pele.",Sem Marca,285.71,8800,999,0.500,,,,3,"https://res.cloudinary.com/dw4j4tpub/image/upload/f_webp,q_auto/v1781706065/nikkeybox/products/obagi-c10-serum-vitamina-c-10-g7u5/g5mbrai6iahtvkqabo8h.webp",,,,,,,,
JE-COS-0111,JE-COS-0111,Obagi C10 Vitamin C Serum,,Padrão,Cosméticos,"Sérum facial com 10% de Vitamina C pura, desenvolvido para proporcionar luminosidade, hidratação e uniformização do tom da pele. Sua fórmula leve e de rápida absorção ajuda a combater os danos causados pelos radicais livres, promovendo uma aparência mais saudável e revitalizada.  ✨ Principais benefícios:  * Ilumina e revitaliza a pele. * Auxilia na redução da aparência de manchas e marcas. * Ajuda a uniformizar o tom da pele. * Minimiza a aparência dos poros. * Contribui para uma pele mais firme e macia. * Possui ação antioxidante que ajuda a prevenir os sinais do envelhecimento.  🍊 Ingrediente em destaque:  * Vitamina C Pura 10%: ajuda a estimular a produção de colágeno, melhora a luminosidade e auxilia na proteção da pele contra agressões externas.  Modo de uso: Após a limpeza da pele, aplique de 3 a 4 gotas no rosto e pescoço. Massageie suavemente até completa absorção. Durante o dia, utilize protetor solar.  Conteúdo: 26ml  Indicado para: Todos os tipos de pele, especialmente para quem está começando a utilizar vitamina C ou busca uma pele mais luminosa, uniforme e com aparência saudável.",Sem Marca,499.88,15400,999,0.500,,,,3,"https://res.cloudinary.com/dw4j4tpub/image/upload/f_webp,q_auto/v1781706065/nikkeybox/products/obagi-c10-vitamin-c-serum-jh2w/ikyngwmlg3vnizg1afkc.webp",,,,,,,,
JE-COS-0112,JE-COS-0112,Obagi C20 Serum (Vitamina C 20%),,Padrão,Cosméticos,"Sérum facial concentrado com 20% de Vitamina C pura, desenvolvido para ajudar a melhorar a luminosidade, uniformizar o tom da pele e combater os sinais visíveis do envelhecimento. Sua fórmula antioxidante auxilia na proteção da pele contra agressões externas, promovendo uma aparência mais saudável e radiante.  ✨ Principais benefícios:  * Ajuda a iluminar e revitalizar a pele. * Auxilia na redução da aparência de manchas e marcas. * Contribui para uma pele mais firme e uniforme. * Ajuda a minimizar a aparência dos poros. * Suaviza linhas finas e sinais de envelhecimento. * Protege contra os danos causados pelos radicais livres.  🍊 Ingrediente em destaque:  * Vitamina C Pura 20%: potente antioxidante que auxilia na produção de colágeno, melhora a luminosidade e ajuda a manter a pele com aparência jovem e saudável.  Modo de uso: Após a limpeza da pele, aplique de 3 a 4 gotas no rosto e pescoço, espalhando suavemente até completa absorção. Durante o dia, utilize protetor solar.  Conteúdo: 15ml  Indicado para: Todos os tipos de pele, especialmente para quem deseja melhorar a luminosidade, firmeza, textura e uniformização do tom da pele.",Sem Marca,571.27,17600,999,0.500,,,,3,"https://res.cloudinary.com/dw4j4tpub/image/upload/f_webp,q_auto/v1781706068/nikkeybox/products/obagi-c20-serum-vitamina-c-20-cvys/vltlijc8lwmshc0twprq.webp",,,,,,,,
JE-COS-0113,JE-COS-0113,Obagi C25 NEO Vitamin C Serum,,Padrão,Cosméticos,"Sérum facial premium com alta concentração de Vitamina C pura, desenvolvido para ajudar a melhorar a luminosidade, firmeza e uniformidade da pele. Sua fórmula avançada auxilia na redução da aparência de manchas, poros dilatados e sinais visíveis do envelhecimento.  ✨ Principais benefícios:  * Promove uma pele mais iluminada e radiante. * Ajuda a uniformizar o tom da pele. * Auxilia na redução da aparência de manchas e marcas. * Contribui para melhorar a firmeza e elasticidade. * Suaviza linhas finas e sinais de envelhecimento. * Ajuda a minimizar a aparência dos poros.  🍊 Ingrediente em destaque:  * Vitamina C Pura 25%: poderoso antioxidante que auxilia na proteção contra os danos causados pelos radicais livres e estimula uma aparência mais jovem e saudável.  Modo de uso: Após a limpeza da pele, aplique de 2 a 3 gotas no rosto, evitando a área dos olhos. Utilize preferencialmente à noite ou conforme orientação da sua rotina de cuidados. Durante o dia, recomenda-se o uso de protetor solar.  Conteúdo: 12ml  Indicado para: Todos os tipos de pele, especialmente para quem busca luminosidade, firmeza, uniformização do tom e cuidados antienvelhecimento.",Sem Marca,714.04,22000,999,0.500,,,,3,"https://res.cloudinary.com/dw4j4tpub/image/upload/f_webp,q_auto/v1781706069/nikkeybox/products/obagi-c25-neo-vitamin-c-serum-7n5u/pedanrvugz2cwenlzq3e.webp",,,,,,,,
JE-COS-0114,JE-COS-0114,Obagi C5 Vitamin C Serum,,Padrão,Cosméticos,"Sérum facial com 5% de Vitamina C pura, ideal para quem está começando uma rotina de cuidados com vitamina C ou possui pele sensível. Sua fórmula leve ajuda a hidratar, iluminar e proteger a pele contra os danos causados pelos radicais livres, proporcionando uma aparência mais saudável e uniforme.  ✨ Principais benefícios:  * Promove luminosidade e viço natural. * Auxilia na uniformização do tom da pele. * Ajuda a reduzir a aparência de manchas e marcas recentes. * Contribui para uma pele mais macia e hidratada. * Possui ação antioxidante que ajuda a prevenir os primeiros sinais do envelhecimento. * Textura leve e de rápida absorção.  🍊 Ingrediente em destaque:  * Vitamina C Pura 5%: auxilia na proteção antioxidante da pele, melhora a luminosidade e contribui para uma aparência mais saudável e revitalizada.  Modo de uso: Após a limpeza da pele, aplique de 3 a 4 gotas no rosto e pescoço, espalhando suavemente até completa absorção. Durante o dia, utilize protetor solar.  Conteúdo: 10ml  Indicado para: Todos os tipos de pele, especialmente peles sensíveis, iniciantes no uso de vitamina C ou pessoas que buscam luminosidade e prevenção dos primeiros sinais de envelhecimento.",Sem Marca,227.31,7000,999,0.500,,,,3,"https://res.cloudinary.com/dw4j4tpub/image/upload/f_webp,q_auto/v1781706070/nikkeybox/products/obagi-c5-vitamin-c-serum-ny1w/m4mjlfcqbee0zeybihr5.webp",,,,,,,,
JE-COS-0115,JE-COS-0115,OXY Clear Wash – Sabonete Facial Purificante para Poros 130g ,,Padrão,Cosméticos,"OXY Clear Wash é um sabonete facial japonês desenvolvido para limpar profundamente os poros, remover o excesso de oleosidade e proporcionar uma sensação refrescante após a lavagem. Ideal para quem busca uma pele mais limpa e com aparência saudável.  ✨ Benefícios:  * Limpeza profunda dos poros. * Remove sujeira, impurezas e excesso de oleosidade. * Ajuda a prevenir o aparecimento de cravos. * Proporciona sensação refrescante e revigorante. * Deixa a pele com aspecto limpo e renovado. * Uso diário.  💧 Ação Purificante Sua fórmula ajuda a eliminar resíduos acumulados nos poros, contribuindo para uma pele mais limpa, fresca e equilibrada.  💆‍♂️ Modo de uso: Aplique uma pequena quantidade sobre o rosto úmido, massageando suavemente até formar espuma. Enxágue completamente com água.",Sem Marca,65.06,2000,999,0.500,,,,3,"https://res.cloudinary.com/dw4j4tpub/image/upload/f_webp,q_auto/v1781706071/nikkeybox/products/oxy-clear-wash-sabonete-facial-purifican-q3cl/cqkvoleuweitepqqlnrg.webp","https://res.cloudinary.com/dw4j4tpub/image/upload/f_webp,q_auto/v1781706073/nikkeybox/products/oxy-clear-wash-sabonete-facial-purifican-q3cl/oaglzsgorwlmrwgcfyly.webp",,,,,,,
JE-COS-0116,JE-COS-0116,OXY Deep Wash – Limpeza Profun da para Pele Oleosa 130g ,,Padrão,Cosméticos,"OXY Deep Wash é um sabonete facial japonês desenvolvido especialmente para peles oleosas e acneicas. Sua fórmula promove uma limpeza profunda dos poros, removendo o excesso de oleosidade, sujeira e impurezas acumuladas ao longo do dia.  ✨ Benefícios:  * Limpeza profunda dos poros. * Remove o excesso de oleosidade. * Ajuda a prevenir cravos e espinhas. * Sensação refrescante e revigorante. * Deixa a pele limpa sem aspecto pesado. * Ideal para uso diário.  💧 Ação Purificante Sua espuma ajuda a eliminar impurezas e resíduos que obstruem os poros, contribuindo para uma pele com aparência mais limpa e saudável.  💆‍♂️ Modo de uso: Aplique uma pequena quantidade sobre o rosto úmido, massageando suavemente até formar espuma. Enxágue completamente com água.",Sem Marca,65.06,2000,999,0.500,,,,3,"https://res.cloudinary.com/dw4j4tpub/image/upload/f_webp,q_auto/v1781706072/nikkeybox/products/oxy-deep-wash-limpeza-profun-da-para-pel-l5ll/h95lh5c3gp3cdsjl1zjb.webp","https://res.cloudinary.com/dw4j4tpub/image/upload/f_webp,q_auto/v1781706074/nikkeybox/products/oxy-deep-wash-limpeza-profun-da-para-pel-l5ll/uttfbwibahf9hroyot31.webp",,,,,,,
JE-COS-0117,JE-COS-0117,OXY Perfect Wash – Sabonete Facial Antiacne 130g,,Padrão,Cosméticos,"OXY Perfect Wash é um sabonete facial japonês desenvolvido para limpar profundamente a pele, controlar a oleosidade e ajudar na prevenção de cravos e espinhas. Sua fórmula proporciona uma limpeza eficaz sem ressecar excessivamente a pele.  ✨ Benefícios:  * Auxilia na prevenção da acne. * Remove o excesso de oleosidade. * Limpa profundamente os poros. * Elimina impurezas e resíduos acumulados. * Proporciona sensação refrescante após o uso. * Ajuda a manter a pele limpa e saudável.  💧 Ação Antiacne Sua fórmula foi desenvolvida para combater as principais causas das espinhas, mantendo a pele purificada e equilibrada diariamente.  💆‍♂️ Modo de uso: Aplique uma pequena quantidade sobre o rosto úmido, massageie suavemente até formar espuma e enxágue completamente.",Sem Marca,65.06,2000,999,0.500,,,,3,"https://res.cloudinary.com/dw4j4tpub/image/upload/f_webp,q_auto/v1781706075/nikkeybox/products/oxy-perfect-wash-sabonete-facial-antiacn-nayl/ihcsvtr1mk3krjo33dy7.webp",,,,,,,,
JE-DOC-0044,JE-DOC-0044,Peloty Disney Mickey & Minnie 12 unidade,,Padrão,Doces & Chás,"Encante-se com o delicioso Peloty Disney Mickey & Minnie! Este chocolate especial traz os personagens mais famosos da Disney em um formato divertido e colecionável. Feito com chocolate ao leite e detalhes em chocolate branco, é uma opção perfeita para presentear crianças, fãs da Disney ou simplesmente tornar o momento do lanche mais divertido.",Sem Marca,78.04,2400,999,,,,,3,"https://res.cloudinary.com/dw4j4tpub/image/upload/f_webp,q_auto/v1781706076/nikkeybox/products/peloty-disney-mickey-minnie-vhqi/oz357xjpb0cnmuei7lq9.webp",,,,,,,,
JE-DOC-0045,JE-DOC-0045,Peloty Super Mario – Chocolate Divertido 12 unidade,,Padrão,Doces & Chás,"O Peloty Super Mario é um delicioso chocolate temático inspirado no universo do Super Mario. Além do sabor irresistível, traz a diversão dos personagens mais famosos da Nintendo em uma apresentação especial que encanta crianças e colecionadores.",Sem Marca,162.41,5000,999,,,,,3,"https://res.cloudinary.com/dw4j4tpub/image/upload/f_webp,q_auto/v1781706078/nikkeybox/products/peloty-super-mario-chocolate-divertido-tnu7/bplzckne9naldec5zcbh.webp",,,,,,,,
JE-DOC-0046,JE-DOC-0046,PetitQ Disney – Chocolates Sortidos Disney 10 unidade,,Padrão,Doces & Chás,"Um snack encantador da Glico inspirado nos personagens mais queridos da Disney. Cada chocolate traz uma embalagem divertida com rostos dos personagens, tornando o produto perfeito para crianças, fãs da Disney e colecionadores.",Sem Marca,136.45,4200,999,,,,,3,"https://res.cloudinary.com/dw4j4tpub/image/upload/f_webp,q_auto/v1781706080/nikkeybox/products/petitq-disney-chocolates-sortidos-disney-yovt/ncf1uhpudop9zkdmkvha.webp",,,,,,,,
JE-DOC-0047,JE-DOC-0047,Pocky Almond Crush – Chocolate com Amêndoas 10 unidade,,Padrão,Doces & Chás,"Experimente uma versão ainda mais especial do clássico Pocky! O Pocky Almond Crush combina palitos crocantes de biscoito com uma deliciosa cobertura de chocolate ao leite enriquecida com pedaços de amêndoas torradas, criando uma textura irresistível e um sabor sofisticado.  Perfeito para os amantes de chocolate e castanhas que procuram um snack japonês diferenciado e delicioso.",Sem Marca,175.39,5400,999,,,,,3,"https://res.cloudinary.com/dw4j4tpub/image/upload/f_webp,q_auto/v1781706082/nikkeybox/products/pocky-almond-crush-chocolate-com-amendoa-ayc5/y3fp1irmmlhy7p2mti6q.webp",,,,,,,,
JE-DOC-0048,JE-DOC-0048,Pocky Cacau 60% – Chocolate Amargo Premium 10 unidade,,Padrão,Doces & Chás,"Para os amantes de chocolate amargo, o Pocky Cacau 60% oferece uma experiência única. Seus palitos crocantes são cobertos com chocolate premium de alto teor de cacau, proporcionando um sabor marcante, aromático e equilibrado.  Perfeito para acompanhar um café, chá ou para quem procura um doce menos açucarado e com sabor mais intenso.  ✨ Chocolate com 60% de cacau ✨ Rico em sabor e aroma ✨ Contém polifenóis do cacau ✨ Palitos crocantes de biscoito ✨ Embalagem com 2 pacotes internos",Sem Marca,168.90,5200,999,,,,,3,"https://res.cloudinary.com/dw4j4tpub/image/upload/f_webp,q_auto/v1781706085/nikkeybox/products/pocky-cacau-60-chocolate-amargo-premium-loot/jlxa4oa47ch3oabppeeu.webp",,,,,,,,
JE-DOC-0049,JE-DOC-0049,Pocky Choco Mint – Edição Limitada 10 unidade,,Padrão,Doces & Chás,"Experimente o refrescante Pocky Choco Mint, uma edição especial que combina a crocância dos tradicionais palitos Pocky com uma deliciosa cobertura sabor menta e chocolate. O resultado é um snack leve, aromático e perfeito para quem ama a clássica combinação de chocolate com menta.  Ideal para os fãs de sabores únicos e edições exclusivas do Japão.",Sem Marca,168.90,5200,999,,,,,3,https://item-shopping.c.yimg.jp/i/z/ikkomon-marche_t04901005017092,,,,,,,,
JE-DOC-0050,JE-DOC-0050-small,Pocky Chocolate Original 10 unidade,Opção,10 unidades,Doces & Chás,"Descubra o sabor do tradicional Pocky Chocolate! Produzido pela Glico, este snack icônico combina palitos crocantes de biscoito com uma deliciosa cobertura de chocolate ao leite, criando uma experiência simples, divertida e irresistível.  Perfeito para acompanhar um café, chá ou para matar a vontade de um doce a qualquer momento.",Sem Marca,227.31,7000,999,,,,,3,"https://res.cloudinary.com/dw4j4tpub/image/upload/f_webp,q_auto/v1781706087/nikkeybox/products/pocky-chocolate-original-8wm3/pneuirxwtrdzjia9ervy.webp",,,,,,,,
JE-DOC-0050,JE-DOC-0050-var-mr7ppxz6,Pocky Chocolate Original 10 unidade,Opção,5 unidades,Doces & Chás,"Descubra o sabor do tradicional Pocky Chocolate! Produzido pela Glico, este snack icônico combina palitos crocantes de biscoito com uma deliciosa cobertura de chocolate ao leite, criando uma experiência simples, divertida e irresistível.  Perfeito para acompanhar um café, chá ou para matar a vontade de um doce a qualquer momento.",Sem Marca,113.73,3500,999,,,,,3,"https://res.cloudinary.com/dw4j4tpub/image/upload/f_webp,q_auto/v1781706087/nikkeybox/products/pocky-chocolate-original-8wm3/pneuirxwtrdzjia9ervy.webp",,,,,,,,
JE-DOC-0050,JE-DOC-0050-var-mr7pqwyz,Pocky Chocolate Original 10 unidade,Opção,3 unidades,Doces & Chás,"Descubra o sabor do tradicional Pocky Chocolate! Produzido pela Glico, este snack icônico combina palitos crocantes de biscoito com uma deliciosa cobertura de chocolate ao leite, criando uma experiência simples, divertida e irresistível.  Perfeito para acompanhar um café, chá ou para matar a vontade de um doce a qualquer momento.",Sem Marca,61.82,1900,999,,,,,3,"https://res.cloudinary.com/dw4j4tpub/image/upload/f_webp,q_auto/v1781706087/nikkeybox/products/pocky-chocolate-original-8wm3/pneuirxwtrdzjia9ervy.webp",,,,,,,,
JE-DOC-0050,JE-DOC-0050-var-mr7psz90,Pocky Chocolate Original 10 unidade,Opção,1 unidade,Doces & Chás,"Descubra o sabor do tradicional Pocky Chocolate! Produzido pela Glico, este snack icônico combina palitos crocantes de biscoito com uma deliciosa cobertura de chocolate ao leite, criando uma experiência simples, divertida e irresistível.  Perfeito para acompanhar um café, chá ou para matar a vontade de um doce a qualquer momento.",Sem Marca,22.88,700,999,,,,,3,"https://res.cloudinary.com/dw4j4tpub/image/upload/f_webp,q_auto/v1781706087/nikkeybox/products/pocky-chocolate-original-8wm3/pneuirxwtrdzjia9ervy.webp",,,,,,,,
JE-DOC-0051,JE-DOC-0051,Pocky Gokuboso Chocolate (Extra Fino) 10 unidade,,Padrão,Doces & Chás,"Experimente o famoso Pocky Gokuboso, a versão premium e ultra fina do tradicional Pocky! Seus palitos delicados e crocantes são cobertos por uma generosa camada de chocolate, oferecendo uma combinação perfeita de textura e sabor a cada mordida.  Ideal para quem ama chocolate e procura um snack japonês sofisticado e irresistível.  ✨ Palitos extra finos e crocantes ✨ Cobertura rica de chocolate ao leite ✨ Textura leve e delicada ✨ Embalagem com 2 pacotes internos",Sem Marca,168.90,5200,999,,,,,3,"https://res.cloudinary.com/dw4j4tpub/image/upload/f_webp,q_auto/v1781706088/nikkeybox/products/pocky-gokuboso-chocolate-extra-fino-jp9a/wgfeowzwuuijm4x4xaeo.webp",,,,,,,,
JE-DOC-0052,JE-DOC-0052,Pocky Matcha Intenso 3 unidade,,Padrão,Doces & Chás,"Descubra o sabor autêntico do Japão com o Pocky Matcha Intenso! Elaborado com matcha de Uji, reconhecido mundialmente por sua qualidade superior, este snack combina palitos crocantes de biscoito com uma cobertura rica e cremosa de chá verde.  Seu sabor profundo e refinado faz desta versão uma das favoritas entre os apreciadores de matcha e da cultura japonesa.",Sem Marca,97.51,3000,999,,,,,3,"https://res.cloudinary.com/dw4j4tpub/image/upload/f_webp,q_auto/v1781706091/nikkeybox/products/pocky-matcha-intenso-ricg/stnms5ruqzdxi3zfnin6.webp",,,,,,,,
JE-DOC-0053,JE-DOC-0053,Pocky Matcha Premium Uji – Dupla Camada 3 unidade,,Padrão,Doces & Chás,"Descubra a elegância do verdadeiro matcha japonês com o Pocky Matcha Premium Uji. Elaborado com chá verde de Uji, região famosa pela produção dos melhores matchás do Japão, esta versão apresenta uma cobertura especial em dupla camada que intensifica o sabor e o aroma característicos do chá.  Ideal para os amantes da cultura japonesa e para quem busca uma experiência sofisticada e diferenciada.",Sem Marca,97.51,3000,999,,,,,3,"https://res.cloudinary.com/dw4j4tpub/image/upload/f_webp,q_auto/v1781706093/nikkeybox/products/pocky-matcha-premium-uji-dupla-camada-pg4g/zufhgimgxeyq4812cksb.webp",,,,,,,,
JE-DOC-0054,JE-DOC-0054,Pocky Morango (Strawberry) 6 unidade,,Padrão,Doces & Chás,"Delicie-se com o irresistível Pocky Morango! Feito com palitos crocantes de biscoito cobertos por uma deliciosa camada cremosa sabor morango, este snack é um dos favoritos entre os amantes dos doces japoneses.  Com uma embalagem econômica contendo 9 pacotes + 1 pacote extra, é perfeito para compartilhar ou saborear ao longo do dia.  ✨ Cobertura cremosa sabor morango ✨ Palitos leves e crocantes ✨ Embalagem econômica com 10 pacotes ✨ Um dos sabores mais vendidos do Japão",Sem Marca,162.41,5000,999,,,,,3,"https://res.cloudinary.com/dw4j4tpub/image/upload/f_webp,q_auto/v1781706095/nikkeybox/products/pocky-morango-strawberry-dhx3/brnszsxxaf48cpntpskz.webp",,,,,,,,
JE-DOC-0055,JE-DOC-0055,Pocky Sakura Matcha – Edição Limitada Japão 6 unidade,,Padrão,Doces & Chás,"Descubra um dos sabores mais encantadores do Japão! O Pocky Sakura Matcha combina a suavidade das flores de cerejeira com o sabor autêntico do matcha, criando uma experiência delicada, aromática e tipicamente japonesa.  Perfeito para quem ama a cultura japonesa e deseja experimentar um snack exclusivo inspirado na época das cerejeiras em flor.  ✨ Sabor exclusivo de sakura e matcha ✨ Palitos crocantes cobertos com creme aromático ✨ Embalagem com 9 pacotes individuais ✨ Edição limitada da primavera japonesa",Sem Marca,214.33,6600,999,,,,,3,"https://res.cloudinary.com/dw4j4tpub/image/upload/f_webp,q_auto/v1781706096/nikkeybox/products/pocky-sakura-matcha-edicao-limitada-japa-g06u/toouqqrt3ciwoydmaowt.webp",,,,,,,,
JE-DOC-0056,JE-DOC-0056,Pocky Strawberry Premium – 10 unidade,,Padrão,Doces & Chás,"Experimente o delicioso Pocky Strawberry Premium, uma versão especial que combina palitos crocantes de biscoito de cacau com uma cobertura cremosa de morango enriquecida com pedaços reais da fruta.  O resultado é um snack irresistível, com sabor intenso, textura diferenciada e um toque frutado que conquista desde a primeira mordida.  ✨ Cobertura de morango com pedaços da fruta ✨ Biscoito de cacau crocante ✨ Sabor intenso e autêntico de morango ✨ Embalagem com 2 pacotes internos ✨ Produto exclusivo do Japão",Sem Marca,175.39,5400,999,,,,,3,"https://res.cloudinary.com/dw4j4tpub/image/upload/f_webp,q_auto/v1781706097/nikkeybox/products/pocky-strawberry-premium-morango-com-ped-hva9/brictvlkexudwzpqxt2i.webp",,,,,,,,
JE-PET-0010,JE-PET-0010,QY Pet Glove Wipes – Luvas Umedecidas para Higiene de Cães e Gatos,,Padrão,Pet,"Luvas umedecidas desenvolvidas para limpar, refrescar e cuidar da pelagem dos pets de forma prática e rápida, sem necessidade de enxágue. Basta vestir a luva e acariciar o animal para remover sujeiras, odores e pelos soltos, tornando o momento de limpeza mais confortável para cães e gatos.  🐶🐱 Principais benefícios:  * Limpa a pelagem sem necessidade de banho. * Remove sujeiras e odores do dia a dia. * Ajuda a deixar os pelos mais macios e brilhantes. * Prática para limpeza das patas, rosto e corpo. * Auxilia na remoção de pelos soltos. * Ideal para viagens, passeios e uso diário.  ✨ Diferenciais:  * Formato de luva para uma aplicação fácil e confortável. * Sem necessidade de enxágue. * Toalhas extra espessas para maior eficiência na limpeza. * Proporciona sensação de carinho enquanto limpa o pet. * Adequada para cães e gatos.  🌿 Ingredientes hidratantes:  * Enriquecida com agentes hidratantes que ajudam a cuidar da pele e da pelagem durante a limpeza.  🫧 Modo de uso: Vista a luva e passe suavemente sobre a pelagem do pet. Utilize em todo o corpo ou apenas nas áreas que necessitam de limpeza.  📦 Conteúdo: 10 luvas umedecidas.  Indicado para: Cães e gatos de todas as idades e portes.",Sem Marca,84.53,2600,999,,,,,3,"https://res.cloudinary.com/dw4j4tpub/image/upload/f_webp,q_auto/v1781706098/nikkeybox/products/qy-pet-glove-wipes-luvas-umedecidas-para-l8p2/sta1eepjs8a76fmhek9r.webp","https://res.cloudinary.com/dw4j4tpub/image/upload/f_webp,q_auto/v1781706100/nikkeybox/products/qy-pet-glove-wipes-luvas-umedecidas-para-l8p2/qon3dwuvfcejdax3vaif.webp","https://res.cloudinary.com/dw4j4tpub/image/upload/f_webp,q_auto/v1781706102/nikkeybox/products/qy-pet-glove-wipes-luvas-umedecidas-para-l8p2/pqilfzcqyjpxxg0cuu35.webp","https://res.cloudinary.com/dw4j4tpub/image/upload/f_webp,q_auto/v1781706104/nikkeybox/products/qy-pet-glove-wipes-luvas-umedecidas-para-l8p2/sxlmsyea4qub8kiiy0gh.webp",,,,,
JE-COS-0118,JE-COS-0118,ReFa Honey Queen SHAMPOO & TREATMENT & OUT BATH TREATMENT SET,,Padrão,Cosméticos,"O Kit ReFa Honey Queen reúne três etapas essenciais para um cuidado capilar completo: limpeza, tratamento e finalização. Enriquecido com ingredientes inspirados no poder nutritivo do mel, o kit proporciona hidratação intensa, brilho radiante e cabelos extremamente macios e saudáveis.  🍯 O kit contém: • ReFa Honey Queen Shampoo • ReFa Honey Queen Treatment • ReFa Honey Queen Hair Oil  💎 Benefícios: • Limpa suavemente sem ressecar os fios • Nutre e hidrata profundamente • Ajuda a reparar danos causados por química e calor • Reduz o frizz e melhora a maleabilidade • Proporciona brilho intenso e toque sedoso • Protege os fios contra o ressecamento  🌿 Principais ativos: • Mel e ingredientes hidratantes de alta qualidade • Óleos nutritivos para proteção e brilho • Componentes reparadores que fortalecem a fibra capilar",Sem Marca,557.64,17180,999,2.000,,,,3,"https://res.cloudinary.com/dw4j4tpub/image/upload/f_webp,q_auto/v1781706099/nikkeybox/products/refa-honey-queen-shampoo-treatment-out-b-zj60/jop7aug2crauxqtrnfhl.webp",,,,,,,,
JE-COS-0119,JE-COS-0119,Reva Honey Queen Shampoo & Treatment/ReFa HONEY QUEEN SHAMPOO & TREATMENT SET,,Padrão,Cosméticos,"O Kit ReFa Honey Queen Shampoo & Treatment combina o poder nutritivo do mel com ingredientes hidratantes para limpar, nutrir e restaurar os fios. Ideal para cabelos secos, danificados e com frizz, proporcionando brilho intenso, maciez e hidratação profunda.",Sem Marca,376.57,11600,999,1.500,,,,3,"https://res.cloudinary.com/dw4j4tpub/image/upload/f_webp,q_auto/v1781706101/nikkeybox/products/reva-honey-queen-shampoo-treatment-refa--t2nd/e2uqgkykc0urwam1xine.webp",,,,,,,,
JE-DOC-0057,JE-DOC-0057,Ritz Crackers Original – Biscoito Salgado Crocante 5 unidade,,Padrão,Doces & Chás,"Delicie-se com o sabor clássico dos biscoitos Ritz! Crocantes, levemente salgados e com um toque amanteigado irresistível, são perfeitos para qualquer hora do dia.  ✅ Textura leve e crocante ✅ Sabor suave e equilibrado ✅ Ideal para consumir puro ou com acompanhamentos ✅ Embalagem com porções individuais para maior praticidade ✅ Sucesso mundial há gerações",Sem Marca,142.94,4400,999,,,,,3,"https://res.cloudinary.com/dw4j4tpub/image/upload/f_webp,q_auto/v1781706105/nikkeybox/products/ritz-crackers-original-biscoito-salgado--0c5m/zgrrevaatskn8nlt9soa.webp","https://res.cloudinary.com/dw4j4tpub/image/upload/f_webp,q_auto/v1781706106/nikkeybox/products/ritz-crackers-original-biscoito-salgado--0c5m/of0huq8s5skfic5tdgja.webp",,,,,,,
JE-DOC-0058,JE-DOC-0058,S&B Golden Curry Médio (Chukara) – 198g x 2 unidades,,Padrão,Doces & Chás,"O Golden Curry é um dos currys japoneses mais populares e vendidos do Japão. Elaborado com uma combinação especial de 35 especiarias e ervas aromáticas, oferece um sabor rico, encorpado e equilibrado, com nível de picância médio, ideal para toda a família.  ✨ Características: • Sabor autêntico de curry japonês • Mistura de 35 especiarias e ervas selecionadas • Picância média (Chukara) • Fácil e rápido de preparar • Ideal para acompanhar arroz, carnes, legumes e massas  🍛 Como preparar:  1. Refogue carne e legumes de sua preferência. 2. Adicione água e cozinhe até os ingredientes ficarem macios. 3. Acrescente os tabletes de Golden Curry. 4. Misture até dissolver completamente e o molho engrossar. 5. Sirva com arroz japonês ou branco.  💡 Sugestão de consumo: Perfeito para preparar o tradicional Kare Raisu (Curry com Arroz Japonês), um dos pratos mais queridos do Japão.",Sem Marca,71.55,2200,999,,,,,3,"https://res.cloudinary.com/dw4j4tpub/image/upload/f_webp,q_auto/v1781706106/nikkeybox/products/s-b-golden-curry-medio-chukara-198g-x-2--zf4i/yrfiqk1kmg7edyg6okoq.webp","https://res.cloudinary.com/dw4j4tpub/image/upload/f_webp,q_auto/v1781706107/nikkeybox/products/s-b-golden-curry-medio-chukara-198g-x-2--zf4i/rz7ncghkv8r9hcr9cwey.webp",,,,,,,
JE-DOC-0059,JE-DOC-0059, S&B Golden Curry Suave (Amakuchi) – 198g x 2 unidade,,Padrão,Doces & Chás,"O Golden Curry Amakuchi (Suave) é a versão menos picante da famosa linha Golden Curry da S&B. Produzido com uma combinação especial de 35 especiarias e ervas aromáticas, oferece um sabor rico, levemente adocicado e muito equilibrado, ideal para crianças e pessoas que preferem pratos com pouca picância.  ✨ Características: • Sabor suave e levemente adocicado • Elaborado com 35 especiarias e ervas selecionadas • Baixo nível de picância (Amakuchi) • Fácil e rápido de preparar • Ideal para toda a família  🍛 Como preparar:  1. Refogue carne, cebola, cenoura e batata. 2. Adicione água e cozinhe até os ingredientes ficarem macios. 3. Acrescente os tabletes de curry e misture até dissolver. 4. Cozinhe por alguns minutos até obter um molho cremoso. 5. Sirva acompanhado de arroz.  💡 Sugestão de consumo: Perfeito para preparar o tradicional Kare Raisu Japonês, especialmente para quem prefere um sabor mais suave e delicado.  📦 Conteúdo: • 2 caixas de Golden Curry Suave • 198g cada caixa",Sem Marca,71.55,2200,999,,,,,3,"https://res.cloudinary.com/dw4j4tpub/image/upload/f_webp,q_auto/v1781706109/nikkeybox/products/s-b-golden-curry-suave-amakuchi-198g-x-2-4vpi/ayn5l8ysksnmyzc8psem.webp","https://res.cloudinary.com/dw4j4tpub/image/upload/f_webp,q_auto/v1781706111/nikkeybox/products/s-b-golden-curry-suave-amakuchi-198g-x-2-4vpi/zlbisfbvead9jyxcg9y0.webp",,,,,,,
JE-COS-0120,JE-COS-0120,Senka Perfect Whip Medicated Acne Care,,Padrão,Cosméticos,"Espuma facial antiacne que limpa profundamente, controla a oleosidade e ajuda a prevenir espinhas, deixando a pele limpa, fresca e equilibrada.",Sem Marca,110.49,3400,999,0.500,,,,3,"https://res.cloudinary.com/dw4j4tpub/image/upload/f_webp,q_auto/v1781706109/nikkeybox/products/senka-perfect-whip-medicated-acne-care-gogv/fiwshhx8pxfvakqj6p7j.webp",,,,,,,,
JE-COS-0121,JE-COS-0121,Senka Perfect Whip Premium Clear,,Padrão,Cosméticos,"Espuma facial premium com ação esfoliante suave que limpa profundamente os poros, remove impurezas e ajuda a deixar a pele mais lisa, macia e iluminada. Ideal para uso diário.",Sem Marca,110.49,3400,999,0.500,,,,3,"https://res.cloudinary.com/dw4j4tpub/image/upload/f_webp,q_auto/v1781706111/nikkeybox/products/senka-perfect-whip-premium-clear-d8q1/eosjxhq9eaqikegprdud.webp",,,,,,,,
JE-COS-0122,JE-COS-0122,Senka Perfect Whip ,,Padrão,Cosméticos,"Espuma facial com argila branca que limpa profundamente os poros, controla a oleosidade e ajuda a deixar a pele mais macia, uniforme e iluminada.",Sem Marca,103.35,3180,999,0.500,,,,3,"https://res.cloudinary.com/dw4j4tpub/image/upload/f_webp,q_auto/v1781706113/nikkeybox/products/senka-perfect-whip-white-clay-khy4/bxljal2wha2hu5wvp0ny.webp",,,,,,,,
JE-COS-0123,JE-COS-0123,Skin Aqua Tone Up UV Essence Happiness Aura,,Padrão,Cosméticos,"Protetor solar japonês com tecnologia Tone Up, desenvolvido para proteger a pele dos raios UV enquanto proporciona um aspecto mais saudável, iluminado e naturalmente rosado.  ✨ Benefícios: • Alta proteção solar SPF50+ PA++++ • Efeito corretor de tom com acabamento rosado natural • Ajuda a deixar a pele com aparência mais saudável e radiante • Textura leve e hidratante em essência • Rápida absorção, sem sensação oleosa ou pegajosa • Pode ser utilizado como primer antes da maquiagem • Uniformiza visualmente o tom da pele e proporciona luminosidade  🩷 Indicação: Ideal para quem deseja uma pele com aspecto mais vivo, iluminado e saudável, além de proteção solar diária de alta performance.  📦 Conteúdo: 80g",Sem Marca,58.57,1800,999,0.500,,,,3,"https://res.cloudinary.com/dw4j4tpub/image/upload/f_webp,q_auto/v1781706114/nikkeybox/products/skin-aqua-tone-up-uv-essence-happiness-a-nc7u/sdqn5igpgtaci4czofzf.webp","https://res.cloudinary.com/dw4j4tpub/image/upload/f_webp,q_auto/v1781706116/nikkeybox/products/skin-aqua-tone-up-uv-essence-happiness-a-nc7u/vztu9iibg6at9wqzfj25.webp",,,,,,,
JE-COS-0124,JE-COS-0124,Skin Aqua Tone Up UV Essence ,,Padrão,Cosméticos,"Protetor solar japonês com efeito Tone Up, desenvolvido para proteger a pele dos raios UVA e UVB enquanto proporciona um tom mais uniforme, iluminado e naturalmente radiante.  ✨ Benefícios: • Alta proteção solar SPF50+ PA++++ • Efeito iluminador e corretor de tom da pele • Tom lavanda que ajuda a neutralizar o aspecto amarelado e sem brilho • Textura leve em essência, de rápida absorção • Hidrata sem deixar sensação oleosa • Pode ser usado como primer antes da maquiagem • Acabamento luminoso e natural  💜 Indicação: Ideal para quem deseja proteção solar diária com efeito de pele mais clara, uniforme e com aparência saudável e radiante.  📦 Conteúdo: 80g",Sem Marca,58.57,1800,999,0.500,,,,3,"https://res.cloudinary.com/dw4j4tpub/image/upload/f_webp,q_auto/v1781706115/nikkeybox/products/skin-aqua-tone-up-uv-essence-jbjz/qkwhicpbirrqkl8ueaqj.webp","https://res.cloudinary.com/dw4j4tpub/image/upload/f_webp,q_auto/v1781706117/nikkeybox/products/skin-aqua-tone-up-uv-essence-jbjz/ccpkgf73btsnwkmekxom.webp",,,,,,,
JE-COS-0125,JE-COS-0125,Skin Aqua Tone Up UV Essence Latte Beige ,,Padrão,Cosméticos,"Protetor solar japonês com efeito Tone Up em tom bege natural, desenvolvido para proteger a pele dos raios UVA e UVB enquanto uniformiza o tom e proporciona um acabamento saudável e natural.  ✨ Benefícios: • Proteção solar SPF50+ PA++++ • Efeito corretor que ajuda a uniformizar o tom da pele • Tom bege natural que suaviza pequenas imperfeições • Textura leve e hidratante, de rápida absorção • Acabamento natural, sem efeito esbranquiçado • Pode ser usado como primer antes da maquiagem • Proporciona aparência mais lisa e radiante  🤎 Indicação: Ideal para quem busca proteção solar diária com um leve efeito de cobertura natural, deixando a pele mais uniforme e com aspecto saudável.  📦 Conteúdo: 80g",Sem Marca,58.57,1800,999,0.500,,,,3,"https://res.cloudinary.com/dw4j4tpub/image/upload/f_webp,q_auto/v1781706119/nikkeybox/products/skin-aqua-tone-up-uv-essence-latte-beige-pc5d/rsxuadazuvsaizupnmkk.webp","https://res.cloudinary.com/dw4j4tpub/image/upload/f_webp,q_auto/v1781706120/nikkeybox/products/skin-aqua-tone-up-uv-essence-latte-beige-pc5d/lscngojtpfx3b5lc6qfu.webp",,,,,,,
JE-COS-0126,JE-COS-0126,Skin Aqua Tone Up UV Essence Mint Green ,,Padrão,Cosméticos,"Protetor solar japonês multifuncional que combina alta proteção UV com efeito corretor de tom. A tonalidade verde ajuda a neutralizar a vermelhidão da pele, proporcionando uma aparência mais uniforme, fresca e iluminada.  ✨ Benefícios: • Proteção solar SPF50+ PA++++ • Ajuda a corrigir vermelhidão e uniformizar o tom da pele • Efeito Tone Up com acabamento natural e luminoso • Textura leve e hidratante em essência • Rápida absorção, sem sensação pegajosa • Pode ser usado como primer antes da maquiagem • Contém ingredientes hidratantes para maior conforto da pele  💚 Indicação: Ideal para peles com tendência à vermelhidão, manchas avermelhadas ou para quem busca um efeito de pele mais uniforme e radiante.  📦 Conteúdo: 80g",Sem Marca,58.57,1800,999,0.500,,,,3,"https://res.cloudinary.com/dw4j4tpub/image/upload/f_webp,q_auto/v1781706120/nikkeybox/products/skin-aqua-tone-up-uv-essence-mint-green-l7mx/tybxmehqijussy0pefug.webp","https://res.cloudinary.com/dw4j4tpub/image/upload/f_webp,q_auto/v1781706121/nikkeybox/products/skin-aqua-tone-up-uv-essence-mint-green-l7mx/z3nrmd929rz3def8telj.webp",,,,,,,
JE-COS-0153,JE-COS-0153,SKIN1004 Madagascar Centella Air-Fit Suncream Light (50 ml),,Padrão,Cosméticos,"Protetor solar facial de textura leve e confortável, desenvolvido para proteger a pele dos raios UVA e UVB enquanto hidrata e acalma. Formulado com Centella Asiática de Madagascar, oferece proteção diária sem deixar sensação pegajosa, proporcionando um acabamento natural e suave.  Benefícios:  * Proteção solar SPF30 PA++++ contra os raios UVA e UVB. * Textura leve de rápida absorção. * Hidrata e acalma a pele durante o uso. * Não deixa sensação oleosa ou pesada. * Ideal para uso diário, com acabamento natural.  Indicado para: Todos os tipos de pele, especialmente peles normais, mistas e sensíveis.  Modo de uso: Aplique uma quantidade adequada no rosto e pescoço como último passo da rotina de skincare, cerca de 15 a 20 minutos antes da exposição ao sol. Reaplique ao longo do dia, principalmente após suor intenso, banho ou exposição prolongada ao sol.",Sem Marca,175.39,5400,999,0.500,,,,3,,,,,,,,,"IMAGEM LOCAL (base64) — precisa subir a foto manualmente, URL não disponível"
JE-COS-0155,JE-COS-0155,SKIN1004 Madagascar Centella Air-Fit Suncream  (50 ml),,Padrão,Cosméticos,"Protetor solar facial de alta proteção desenvolvido para proteger a pele dos raios UVA e UVB enquanto hidrata e acalma. Formulado com Centella Asiática de Madagascar, ajuda a fortalecer a barreira cutânea e proporciona um acabamento natural, confortável e de longa duração.  Benefícios:  * Alta proteção solar SPF50+ PA++++ contra os raios UVA e UVB. * Ajuda a acalmar e hidratar a pele. * Fortalece a barreira de proteção da pele. * Textura leve, de fácil espalhabilidade e rápida absorção. * Acabamento confortável, ideal para uso diário.  Indicado para: Todos os tipos de pele, especialmente peles normais, secas e sensíveis.  Modo de uso: Aplique uma quantidade adequada no rosto e pescoço como último passo da rotina de skincare, cerca de 15 a 20 minutos antes da exposição ao sol. Reaplique ao longo do dia, principalmente após suor intenso, banho ou exposição prolongada ao sol.",Sem Marca,175.39,5400,999,0.500,,,,3,,,,,,,,,"IMAGEM LOCAL (base64) — precisa subir a foto manualmente, URL não disponível"
JE-COS-0127,JE-COS-0127,SKIN1004 Madagascar Centella Ampoule 100ml,,Padrão,Cosméticos,"O Madagascar Centella Ampoule da SKIN1004 é um sérum facial formulado com extrato puro de Centella Asiática de Madagascar, conhecido por suas propriedades calmantes, hidratantes e reparadoras. Sua textura leve é rapidamente absorvida pela pele, ajudando a fortalecer a barreira cutânea e reduzir sinais de sensibilidade.  🌿 Benefícios: • Acalma irritações e vermelhidão • Hidrata profundamente a pele • Fortalece a barreira de proteção natural • Auxilia na recuperação da pele sensibilizada • Ajuda a equilibrar a oleosidade • Deixa a pele macia, saudável e revitalizada  💎 Principais características: • Contém Centella Asiática pura de Madagascar • Fórmula leve e de rápida absorção • Sem fragrância artificial pesada • Adequado para uso diário • Indicado para todos os tipos de pele, especialmente as sensíveis",Sem Marca,214.33,6600,999,0.500,,,,3,"https://res.cloudinary.com/dw4j4tpub/image/upload/f_webp,q_auto/v1781706122/nikkeybox/products/skin1004-madagascar-centella-ampoule-100-ju45/n32lq3rzqhirp5ik73oo.webp",,,,,,,,
JE-COS-0154,JE-COS-0154,SKIN1004 Madagascar Centella Ampoule Foam – (125 ml),,Padrão,Cosméticos,"Espuma de limpeza facial suave formulada com Centella Asiática de Madagascar, que remove impurezas, excesso de oleosidade e resíduos sem comprometer a hidratação natural da pele. Sua espuma cremosa limpa profundamente, acalma a pele e fortalece a barreira cutânea, deixando o rosto limpo, macio e confortável.  Benefícios:  * Limpa profundamente sem ressecar. * Remove excesso de oleosidade, maquiagem leve e impurezas. * Acalma e hidrata a pele durante a limpeza. * Fortalece a barreira de proteção da pele. * Deixa a pele macia, fresca e com sensação de conforto.  Indicado para: Todos os tipos de pele, especialmente peles sensíveis, normais e mistas.  Modo de uso: Aplique uma pequena quantidade nas mãos úmidas e faça espuma. Massageie suavemente o rosto com movimentos circulares e enxágue com água morna. Use diariamente, pela manhã e à noite.",Sem Marca,168.90,5200,999,0.500,,,,3,,,,,,,,,"IMAGEM LOCAL (base64) — precisa subir a foto manualmente, URL não disponível"
JE-COS-0156,JE-COS-0156,SKIN1004 Madagascar Centella Cream – (75 ml),,Padrão,Cosméticos,"Creme hidratante formulado com Centella Asiática de Madagascar, desenvolvido para hidratar profundamente, acalmar a pele sensível e fortalecer a barreira cutânea. Sua textura leve e nutritiva proporciona conforto duradouro, deixando a pele macia, saudável e equilibrada.  Benefícios:  * Hidrata profundamente sem pesar. * Acalma irritações e reduz a vermelhidão. * Fortalece a barreira de proteção da pele. * Auxilia na recuperação da pele sensibilizada. * Deixa a pele macia, confortável e com aspecto saudável.  Indicado para: Todos os tipos de pele, especialmente peles sensíveis, secas, normais e sensibilizadas.  Modo de uso: Após o sérum, aplique uma quantidade adequada no rosto e pescoço, espalhando suavemente até completa absorção. Use diariamente, pela manhã e à noite. Durante o dia, finalize a rotina com protetor solar.",Sem Marca,181.88,5600,999,0.500,,,,3,,,,,,,,,"IMAGEM LOCAL (base64) — precisa subir a foto manualmente, URL não disponível"
JE-COS-0177,JE-COS-0177,SKIN1004 Madagascar Centella Hyalu-Cica Jelly-Fit Ampoule Pad (60 pads),,Padrão,Cosméticos,"Discos de tratamento embebidos em uma ampoule rica no complexo Hyalu-Cica (Ácido Hialurônico + Centella Asiática de Madagascar), desenvolvidos para hidratar intensamente, acalmar a pele e fortalecer a barreira cutânea. Sua textura em gel adere perfeitamente ao rosto, proporcionando uma sensação refrescante e confortável.  Benefícios:  * Hidrata profundamente e ajuda a manter a pele macia. * Acalma vermelhidão e irritações, sendo ideal para peles sensíveis. * Fortalece a barreira de hidratação e reduz o ressecamento. * Deixa a pele mais viçosa, luminosa e revitalizada. * Pode ser usado como tônico diário ou como máscara localizada para uma hidratação intensiva.  Indicado para: Todos os tipos de pele, especialmente peles sensíveis, secas e desidratadas.  Modo de uso: Após a limpeza, passe o disco suavemente sobre o rosto evitando a área dos olhos. Para um tratamento intensivo, aplique os pads nas áreas que precisam de mais hidratação e deixe agir de 5 a 10 minutos. Não é necessário enxaguar.",Sem Marca,214.33,6600,999,0.500,,,,3,,,,,,,,,"IMAGEM LOCAL (base64) — precisa subir a foto manualmente, URL não disponível"
JE-COS-0168,JE-COS-0168,SKIN1004 Madagascar Centella Hyalu-Cica Moisture Cream – Creme Hidratante (75 ml),,Padrão,Cosméticos,"Creme hidratante desenvolvido com Centella Asiática de Madagascar e o complexo Hyalu-Cica, que combina ácido hialurônico e centella para proporcionar hidratação intensa, acalmar a pele e fortalecer a barreira cutânea. Sua textura leve é rapidamente absorvida, deixando a pele macia, viçosa e confortável, sem sensação oleosa.  Benefícios:  * Hidrata profundamente e ajuda a reter a umidade da pele. * Acalma irritações e reduz a sensação de ressecamento. * Fortalece a barreira de proteção da pele. * Proporciona toque suave, fresco e acabamento não oleoso. * Ideal para manter a pele saudável e equilibrada ao longo do dia.  Indicado para: Todos os tipos de pele, especialmente peles sensíveis, desidratadas e com barreira cutânea fragilizada.  Modo de uso: Aplique uma quantidade adequada no rosto como último passo da rotina de cuidados com a pele. Massageie suavemente até completa absorção. Pode ser usado pela manhã e à noite.",Sem Marca,191.61,5900,999,0.500,,,,3,,,,,,,,,"IMAGEM LOCAL (base64) — precisa subir a foto manualmente, URL não disponível"
JE-COS-0169,JE-COS-0169,SKIN1004 Madagascar Centella Hyalu-Cica Water-Fit Sun Serum – Protetor Solar (50 ml),,Padrão,Cosméticos,"Protetor solar com textura sérum ultraleve que combina Centella Asiática de Madagascar e o complexo Hyalu-Cica para proteger a pele dos raios UVA e UVB enquanto hidrata e acalma. Sua fórmula de rápida absorção proporciona acabamento fresco, sem efeito esbranquiçado ou sensação pegajosa.  Benefícios:  * Proteção solar de amplo espectro SPF50+ PA++++. * Hidrata profundamente e ajuda a manter a pele equilibrada. * Acalma peles sensíveis e reduz a sensação de irritação. * Textura leve, refrescante e de rápida absorção. * Não deixa resíduos brancos e proporciona acabamento natural. * Ideal para uso diário e excelente sob a maquiagem.  Indicado para: Todos os tipos de pele, especialmente peles sensíveis, desidratadas e mistas a oleosas.  Modo de uso: Aplique uma quantidade adequada no rosto e pescoço como último passo da rotina de cuidados com a pele, cerca de 15 a 20 minutos antes da exposição ao sol. Reaplique ao longo do dia sempre que necessário.",Sem Marca,162.41,5000,999,0.500,,,,3,,,,,,,,,"IMAGEM LOCAL (base64) — precisa subir a foto manualmente, URL não disponível"
JE-COS-0170,JE-COS-0170,SKIN1004 Madagascar Centella Hyalu-Cica Brightening Toner – Tônico Iluminador (210 ml),,Padrão,Cosméticos,"Tônico facial formulado com Centella Asiática de Madagascar e o complexo Hyalu-Cica, que combina ácido hialurônico e centella para hidratar, acalmar e iluminar a pele. Sua fórmula ajuda a remover suavemente as células mortas, melhora a textura da pele e prepara o rosto para absorver melhor os próximos cuidados da rotina.  Benefícios:  * Hidrata profundamente e mantém a pele equilibrada. * Ajuda a iluminar e uniformizar o tom da pele. * Esfolia suavemente, promovendo uma textura mais lisa e macia. * Acalma irritações e fortalece a barreira cutânea. * Deixa a pele fresca, radiante e revitalizada.  Indicado para: Todos os tipos de pele, especialmente peles sensíveis, desidratadas, opacas e com tom irregular.  Modo de uso: Após a limpeza, aplique uma quantidade adequada em um algodão ou diretamente nas mãos e espalhe suavemente pelo rosto e pescoço. Utilize pela manhã e à noite antes do sérum e do hidratante.",Sem Marca,191.61,5900,999,0.500,,,,3,,,,,,,,,"IMAGEM LOCAL (base64) — precisa subir a foto manualmente, URL não disponível"
JE-COS-0171,JE-COS-0171,SKIN1004 Madagascar Centella Hyalu-Cica First Ampoule – Sérum Hidratante (50 ml),,Padrão,Cosméticos,"Sérum leve e altamente hidratante desenvolvido com Centella Asiática de Madagascar e o complexo Hyalu-Cica, que combina ácido hialurônico e centella para acalmar, hidratar profundamente e fortalecer a barreira de proteção da pele. Sua textura aquosa é rapidamente absorvida, deixando a pele macia, fresca e revitalizada.  Benefícios:  * Proporciona hidratação intensa e duradoura. * Acalma irritações e reduz a vermelhidão. * Fortalece a barreira cutânea, prevenindo a perda de hidratação. * Melhora a elasticidade e a maciez da pele. * Textura leve, de rápida absorção e sem sensação pegajosa.  Indicado para: Todos os tipos de pele, especialmente peles sensíveis, desidratadas e com barreira cutânea enfraquecida.  Modo de uso: Após a limpeza e o tônico, aplique algumas gotas no rosto e pescoço. Massageie suavemente até completa absorção e, em seguida, finalize com o hidratante. Pode ser utilizado pela manhã e à noite.",Sem Marca,172.14,5300,999,0.500,,,,3,,,,,,,,,"IMAGEM LOCAL (base64) — precisa subir a foto manualmente, URL não disponível"
JE-COS-0172,JE-COS-0172,SKIN1004 Madagascar Centella Hyalu-Cica Blue Serum – Sérum Hidratante e Calmante (50 ml),,Padrão,Cosméticos,"Sérum hidratante desenvolvido com Centella Asiática de Madagascar e o complexo Hyalu-Cica, que combina ácido hialurônico e centella para proporcionar hidratação profunda, acalmar a pele e fortalecer a barreira cutânea. Sua textura leve e refrescante é rapidamente absorvida, deixando a pele macia, viçosa e confortável.  Benefícios:  * Hidrata intensamente e ajuda a reter a umidade da pele. * Acalma irritações, vermelhidão e sensibilidade. * Fortalece a barreira de proteção da pele. * Melhora a elasticidade e proporciona aparência saudável. * Textura leve, de rápida absorção e sem sensação pegajosa.  Indicado para: Todos os tipos de pele, especialmente peles sensíveis, desidratadas, ressecadas e com a barreira cutânea fragilizada.  Modo de uso: Após a limpeza e o tônico, aplique algumas gotas no rosto e pescoço. Espalhe suavemente até completa absorção e finalize com o hidratante. Pode ser utilizado pela manhã e à noite.",Sem Marca,181.88,5600,999,0.500,,,,3,,,,,,,,,"IMAGEM LOCAL (base64) — precisa subir a foto manualmente, URL não disponível"
JE-COS-0173,JE-COS-0173,SKIN1004 Madagascar Centella Hyalu-Cica First Ampoule – Sérum Hidratante (100 ml),,Padrão,Cosméticos,"Sérum hidratante de uso diário formulado com Centella Asiática de Madagascar e o complexo Hyalu-Cica, que combina ácido hialurônico e centella para proporcionar hidratação intensa, acalmar a pele e fortalecer a barreira cutânea. Sua textura leve e aquosa é rapidamente absorvida, deixando a pele fresca, macia e revitalizada.  Benefícios:  * Hidrata profundamente e ajuda a manter a pele hidratada por mais tempo. * Acalma irritações, vermelhidão e sensibilidade. * Fortalece a barreira de proteção da pele. * Melhora a elasticidade e proporciona aparência saudável e viçosa. * Textura leve, refrescante e de rápida absorção, sem sensação pegajosa.  Indicado para: Todos os tipos de pele, especialmente peles sensíveis, desidratadas e com a barreira cutânea fragilizada.  Modo de uso: Após a limpeza e o tônico, aplique algumas gotas no rosto e pescoço. Massageie suavemente até completa absorção e finalize com o hidratante. Pode ser utilizado pela manhã e à noite.",Sem Marca,214.33,6600,999,0.500,,,,3,,,,,,,,,"IMAGEM LOCAL (base64) — precisa subir a foto manualmente, URL não disponível"
JE-COS-0174,JE-COS-0174,SKIN1004 Madagascar Centella Hyalu-Cica Sleeping Pack – Máscara Noturna Hidratante (30 ml),,Padrão,Cosméticos,"Máscara facial de uso noturno formulada com Centella Asiática de Madagascar e o complexo Hyalu-Cica, que combina ácido hialurônico e centella para hidratar profundamente, acalmar a pele e fortalecer a barreira cutânea enquanto você dorme. Sua textura em gel é leve, refrescante e absorve rapidamente, proporcionando uma pele mais macia e revitalizada ao despertar.  Benefícios:  * Hidrata intensamente durante toda a noite. * Acalma irritações e reduz a sensação de sensibilidade. * Fortalece a barreira de proteção da pele. * Ajuda a recuperar a elasticidade e a maciez da pele. * Textura leve, refrescante e não pegajosa.  Indicado para: Todos os tipos de pele, especialmente peles sensíveis, desidratadas e ressecadas.  Modo de uso: À noite, como último passo da rotina de cuidados com a pele, aplique uma camada uniforme sobre o rosto e deixe agir durante o sono. Enxágue pela manhã e siga sua rotina habitual de cuidados.",Sem Marca,188.37,5800,999,0.500,,,,3,,,,,,,,,"IMAGEM LOCAL (base64) — precisa subir a foto manualmente, URL não disponível"
JE-COS-0175,JE-COS-0175,SKIN1004 Madagascar Centella Hyalu-Cica Silky-Fit Sun Stick (20g),,Padrão,Cosméticos,"Protetor solar em bastão com SPF50+ PA++++, desenvolvido com o complexo Hyalu-Cica (Ácido Hialurônico + Centella Asiática de Madagascar) para oferecer alta proteção contra os raios UVA e UVB enquanto hidrata e acalma a pele. Sua textura leve e sedosa desliza facilmente, sem deixar resíduos brancos ou sensação pegajosa, sendo ideal para reaplicações ao longo do dia.  Benefícios:  * Alta proteção solar SPF50+ PA++++. * Hidrata e ajuda a fortalecer a barreira da pele. * Acalma peles sensíveis e reduz o ressecamento. * Acabamento invisível, suave e toque seco. * Prático para reaplicar a qualquer momento, inclusive sobre a maquiagem.  Indicado para: Todos os tipos de pele, especialmente peles sensíveis, mistas e oleosas.  Modo de uso: Aplique o bastão uniformemente sobre o rosto e áreas expostas ao sol como último passo da rotina de cuidados. Reaplique a cada 2 horas ou sempre que necessário para manter a proteção.",Sem Marca,188.37,5800,999,0.500,,,,3,,,,,,,,,"IMAGEM LOCAL (base64) — precisa subir a foto manualmente, URL não disponível"
JE-COS-0176,JE-COS-0176,SKIN1004 Madagascar Centella Hyalu-Cica Cloudy Mist (120ml),,Padrão,Cosméticos,"Bruma facial hidratante enriquecida com o complexo Hyalu-Cica (Ácido Hialurônico + Centella Asiática de Madagascar), desenvolvida para proporcionar hidratação imediata, acalmar a pele e restaurar o viço natural ao longo do dia. Sua névoa ultrafina refresca sem pesar, ajudando a manter a pele macia, confortável e luminosa.  Benefícios:  * Hidrata profundamente e combate o ressecamento. * Acalma irritações e reduz a sensação de sensibilidade. * Fortalece a barreira de hidratação da pele. * Refresca instantaneamente, deixando um acabamento leve e luminoso. * Pode ser usada antes da maquiagem ou sempre que a pele precisar de hidratação durante o dia.  Indicado para: Todos os tipos de pele, especialmente peles secas, sensíveis e desidratadas.  Modo de uso: Borrife sobre o rosto a uma distância de 20 a 30 cm, com os olhos fechados. Utilize após a limpeza, entre as etapas da rotina de skincare ou sempre que desejar refrescar e hidratar a pele.",Sem Marca,181.88,5600,999,0.500,,,,3,,,,,,,,,"IMAGEM LOCAL (base64) — precisa subir a foto manualmente, URL não disponível"
JE-COS-0128,JE-COS-0128,SKIN1004 Madagascar Centella Light Cleansing Oil 200ml,,Padrão,Cosméticos,"O Madagascar Centella Light Cleansing Oil da SKIN1004 é um óleo de limpeza facial leve que remove eficazmente maquiagem, protetor solar, excesso de oleosidade e impurezas sem ressecar a pele. Formulado com Centella Asiática de Madagascar, ajuda a acalmar e proteger a barreira cutânea durante a limpeza.  🌿 Benefícios: • Remove maquiagem e protetor solar com facilidade • Limpa profundamente os poros • Auxilia na remoção de cravos e excesso de oleosidade • Acalma e hidrata a pele durante a limpeza • Não deixa sensação oleosa após o enxágue • Mantém a barreira natural da pele protegida  💎 Principais características: • Contém Centella Asiática de Madagascar • Textura leve e confortável • Emulsiona facilmente ao contato com a água • Ideal para a primeira etapa da dupla limpeza coreana • Indicado para todos os tipos de pele, inclusive sensíveis",Sem Marca,214.33,6600,999,0.500,,,,3,"https://res.cloudinary.com/dw4j4tpub/image/upload/f_webp,q_auto/v1781706125/nikkeybox/products/skin1004-madagascar-centella-light-clean-ou75/jypd2kfii0j700z8nsdf.webp","https://res.cloudinary.com/dw4j4tpub/image/upload/f_webp,q_auto/v1781706127/nikkeybox/products/skin1004-madagascar-centella-light-clean-ou75/gje2fgyvobfttmyvaayv.webp","https://res.cloudinary.com/dw4j4tpub/image/upload/f_webp,q_auto/v1781706129/nikkeybox/products/skin1004-madagascar-centella-light-clean-ou75/xii7bhnwctvi3gcknqtq.webp",,,,,,
skin1004-madagascar-centella-poremizing--9cew,skin1004-madagascar-centella-poremizing--9cew,SKIN1004 Madagascar Centella Poremizing Clear Toner – Tônico Facial (210 ml),,Padrão,Cosméticos,"Tônico facial que ajuda a minimizar a aparência dos poros, controlar a oleosidade e promover uma esfoliação suave. Formulado com Centella Asiática de Madagascar, acalma a pele enquanto remove células mortas e impurezas, deixando a textura mais uniforme e a pele renovada.  Benefícios:  * Ajuda a reduzir a aparência dos poros. * Remove suavemente células mortas e impurezas. * Controla a oleosidade sem ressecar. * Acalma e hidrata a pele. * Deixa a pele mais lisa, equilibrada e luminosa.  Indicado para: Peles oleosas, mistas e com poros dilatados.  Modo de uso: Após a limpeza, aplique o tônico com as mãos ou um algodão sobre o rosto, evitando a área dos olhos. Use diariamente, de manhã e à noite, antes do sérum e do hidratante.",Sem Marca,181.88,5600,999,0.500,,,,3,,,,,,,,,"IMAGEM LOCAL (base64) — precisa subir a foto manualmente, URL não disponível"
skin1004-madagascar-centella-poremizing--dmyg,skin1004-madagascar-centella-poremizing--dmyg,SKIN1004 Madagascar Centella Poremizing Light Gel Cream – Gel Creme Hidratante (75 ml),,Padrão,Cosméticos,"Gel creme hidratante de textura leve e refrescante, desenvolvido para peles oleosas, mistas e com poros dilatados. Formulado com Centella Asiática de Madagascar e ingredientes hidratantes, ajuda a equilibrar a oleosidade, acalmar a pele e proporcionar hidratação duradoura sem sensação pegajosa.  Benefícios:  * Hidrata profundamente com toque leve. * Ajuda a controlar a oleosidade. * Minimiza a aparência dos poros. * Acalma a pele e fortalece a barreira cutânea. * Deixa a pele fresca, macia e com acabamento suave.  Indicado para: Peles oleosas, mistas e com poros dilatados.  Modo de uso: Após o sérum, aplique uma quantidade adequada no rosto e pescoço, espalhando suavemente até completa absorção. Use diariamente, pela manhã e à noite. Durante o dia, finalize a rotina com protetor solar.",Sem Marca,188.37,5800,999,0.500,,,,3,,,,,,,,,"IMAGEM LOCAL (base64) — precisa subir a foto manualmente, URL não disponível"
JE-COS-0091,JE-COS-0091,SKIN1004 Madagascar Centella Poremizing Quick Clay Stick Mask –  (27 g),,Padrão,Cosméticos,"Máscara facial em bastão de argila desenvolvida para limpar profundamente os poros, controlar a oleosidade e remover impurezas sem ressecar a pele. Enriquecida com Centella Asiática de Madagascar, ajuda a acalmar a pele enquanto absorve o excesso de sebo, deixando a textura mais lisa e os poros com aparência reduzida.  Benefícios:  * Limpa profundamente os poros. * Absorve o excesso de oleosidade. * Ajuda a reduzir a aparência dos poros. * Remove impurezas e células mortas. * Acalma a pele e deixa um toque macio e refrescante. * Formato em bastão prático, fácil de aplicar e sem sujeira.  Indicado para: Peles oleosas, mistas e com poros dilatados.  Modo de uso: Aplique a máscara sobre a pele limpa e seca, evitando a área dos olhos e dos lábios. Deixe agir por 10 a 15 minutos e enxágue com água morna. Utilize de 1 a 2 vezes por semana.",Sem Marca,207.84,6400,999,0.500,,,,3,,,,,,,,,"IMAGEM LOCAL (base64) — precisa subir a foto manualmente, URL não disponível"
JE-COS-0138,JE-COS-0138,SKIN1004 Madagascar Centella Poremizing Tinted Sun Cream (50 ml),,Padrão,Cosméticos,"Protetor solar facial com cor que oferece alta proteção contra os raios UVA e UVB, enquanto uniformiza o tom da pele e ajuda a disfarçar a aparência dos poros. Enriquecido com Centella Asiática de Madagascar, acalma a pele, controla a oleosidade e proporciona um acabamento natural e confortável.  Benefícios:  * Alta proteção solar SPF50+ PA++++. * Uniformiza o tom da pele com cobertura leve e natural. * Ajuda a minimizar a aparência dos poros. * Controla a oleosidade ao longo do dia. * Acalma, hidrata e deixa a pele com acabamento suave.  Indicado para: Peles oleosas, mistas e com poros dilatados.  Modo de uso: Aplique uma quantidade adequada no rosto e pescoço como último passo da rotina de skincare, 15 a 20 minutos antes da exposição ao sol. Reaplique ao longo do dia para manter a proteção, especialmente após suor intenso ou exposição prolongada ao sol.",Sem Marca,175.39,5400,999,0.500,,,,3,,,,,,,,,"IMAGEM LOCAL (base64) — precisa subir a foto manualmente, URL não disponível"
JE-COS-0149,JE-COS-0149,SKIN1004 Madagascar Centella Poremizing Deep Cleansing Foam –(125 ml),,Padrão,Cosméticos,"Espuma de limpeza facial desenvolvida para remover profundamente impurezas, excesso de oleosidade e resíduos dos poros sem comprometer a hidratação natural da pele. Formulada com Centella Asiática de Madagascar, ajuda a acalmar a pele enquanto proporciona uma limpeza eficaz, deixando-a fresca, macia e equilibrada.  Benefícios:  * Limpa profundamente os poros e remove impurezas. * Controla a oleosidade sem ressecar. * Ajuda a reduzir a aparência dos poros. * Acalma e fortalece a barreira da pele. * Deixa a pele limpa, macia e com sensação de frescor.  Indicado para: Peles oleosas, mistas e com poros dilatados.  Modo de uso: Aplique uma pequena quantidade nas mãos úmidas, forme uma espuma rica e massageie suavemente o rosto. Enxágue com água morna. Use diariamente, pela manhã e à noite.",Sem Marca,181.88,5600,999,0.500,,,,3,,,,,,,,,"IMAGEM LOCAL (base64) — precisa subir a foto manualmente, URL não disponível"
JE-COS-0150,JE-COS-0150,SKIN1004 Madagascar Centella Poremizing Clarifying Mask – (5 unidades x 23 ml),,Padrão,Cosméticos,"Máscara facial em tecido desenvolvida para hidratar, acalmar e ajudar a minimizar a aparência dos poros. Enriquecida com Centella Asiática de Madagascar, proporciona uma sensação refrescante enquanto controla a oleosidade e melhora a textura da pele, deixando-a mais macia, equilibrada e luminosa.  Benefícios:  * Hidrata profundamente e revitaliza a pele. * Ajuda a reduzir a aparência dos poros. * Controla a oleosidade excessiva. * Acalma a pele sensível e reduz a vermelhidão. * Deixa a pele mais lisa, fresca e com aspecto saudável.  Indicado para: Peles oleosas, mistas, sensíveis e com poros dilatados.  Modo de uso: Após a limpeza e o tônico, aplique a máscara sobre o rosto e deixe agir por 10 a 20 minutos. Retire a máscara e massageie suavemente o sérum restante até completa absorção. Não é necessário enxaguar. Use de 1 a 3 vezes por semana, ou sempre que a pele precisar de hidratação e cuidado extra.",Sem Marca,129.96,4000,999,0.500,,,,3,,,,,,,,,"IMAGEM LOCAL (base64) — precisa subir a foto manualmente, URL não disponível"
JE-COS-0151,JE-COS-0151,SKIN1004 Madagascar Centella Poremizing Fresh Ampoule –  (100 ml),,Padrão,Cosméticos,"Sérum facial de textura leve e refrescante, desenvolvido para peles oleosas, mistas e com poros dilatados. Formulado com Centella Asiática de Madagascar e ingredientes hidratantes, ajuda a equilibrar a oleosidade, minimizar a aparência dos poros e fortalecer a barreira da pele, proporcionando um aspecto mais uniforme e saudável.  Benefícios:  * Ajuda a reduzir a aparência dos poros. * Controla a oleosidade sem ressecar. * Hidrata profundamente com textura leve. * Acalma a pele e reduz a vermelhidão. * Melhora a elasticidade e deixa a pele mais lisa e macia.  Indicado para: Peles oleosas, mistas e com poros dilatados.  Modo de uso: Após a limpeza e o tônico, aplique algumas gotas no rosto e espalhe suavemente até completa absorção. Finalize com hidratante. Pode ser usado diariamente, pela manhã e à noite.",Sem Marca,210.43,6480,999,0.500,,,,3,,,,,,,,,"IMAGEM LOCAL (base64) — precisa subir a foto manualmente, URL não disponível"
JE-COS-0129,JE-COS-0129,SKIN1004 Madagascar Centella Tea-Trica B5 Cream – Creme Hidratante Calmante (75 ml),,Padrão,Cosméticos,"Creme hidratante desenvolvido para peles oleosas, sensíveis e com tendência à acne. Enriquecido com Centella Asiática de Madagascar, Pantenol (Vitamina B5) e ingredientes calmantes, ajuda a fortalecer a barreira da pele, aliviar irritações e proporcionar hidratação duradoura sem sensação oleosa.  Benefícios:  * Hidrata profundamente sem pesar. * Acalma vermelhidão e irritações. * Fortalece a barreira de proteção da pele. * Auxilia no controle da oleosidade e no equilíbrio da pele. * Deixa a pele macia, confortável e saudável.  Indicado para: Peles oleosas, mistas, sensíveis e acneicas.  Modo de uso: Após o sérum, aplique uma quantidade adequada no rosto e pescoço, espalhando suavemente até completa absorção. Use diariamente, pela manhã e à noite. Durante o dia, finalize a rotina com protetor solar.",Sem Marca,188.37,5800,999,0.500,,,,3,,,,,,,,,"IMAGEM LOCAL (base64) — precisa subir a foto manualmente, URL não disponível"
JE-COS-0130,JE-COS-0130,SKIN1004 Madagascar Centella Tea-Trica BHA Foam – Espuma de Limpeza Facial (125 ml),,Padrão,Cosméticos,"Espuma de limpeza facial formulada para peles oleosas, mistas e com tendência à acne. Enriquecida com Centella Asiática de Madagascar, BHA (Ácido Salicílico) e ingredientes calmantes, remove impurezas, excesso de oleosidade e resíduos dos poros, deixando a pele limpa, equilibrada e confortável.  Benefícios:  * Limpa profundamente sem ressecar a pele. * Ajuda a desobstruir os poros e reduzir cravos. * Auxilia no controle da oleosidade e na prevenção de espinhas. * Acalma a pele sensível e reduz a vermelhidão. * Deixa a pele fresca, macia e purificada.  Indicado para: Peles oleosas, mistas, sensíveis e acneicas.  Modo de uso: Aplique uma pequena quantidade nas mãos úmidas, faça espuma e massageie suavemente o rosto. Enxágue com água morna. Use diariamente, de manhã e à noite.",Sem Marca,155.92,4800,999,0.500,,,,3,,,,,,,,,"IMAGEM LOCAL (base64) — precisa subir a foto manualmente, URL não disponível"
JE-COS-0131,JE-COS-0131,SKIN1004 Madagascar Centella Tea-Trica Purifying Toner – (210 ml),,Padrão,Cosméticos,"Tônico facial desenvolvido para peles oleosas, mistas e com tendência à acne. Sua fórmula combina Centella Asiática de Madagascar e Tea Tree, ajudando a acalmar a pele, controlar a oleosidade e reduzir a aparência de poros, enquanto proporciona hidratação leve e refrescante.  Benefícios:  * Ajuda a controlar a oleosidade excessiva. * Acalma peles sensíveis e com vermelhidão. * Auxilia na redução de cravos e espinhas. * Promove uma esfoliação suave, deixando a pele mais lisa e iluminada. * Hidrata sem pesar e prepara a pele para os próximos passos da rotina de skincare.  Indicado para: Peles oleosas, mistas e acneicas.  Modo de uso: Após a limpeza, aplique uma pequena quantidade no rosto com as mãos ou um algodão. Dê leves batidinhas até completa absorção e prossiga com sérum e hidratante. Use diariamente, de manhã e à noite.",Sem Marca,175.39,5400,999,0.500,,,,3,,,,,,,,,"IMAGEM LOCAL (base64) — precisa subir a foto manualmente, URL não disponível"
JE-COS-0132,JE-COS-0132,SKIN1004 Madagascar Centella Tea-Trica Relief Ampoule – Sérum Calmante (100 ml),,Padrão,Cosméticos,"Sérum desenvolvido para peles oleosas, sensíveis e com tendência à acne. Sua fórmula combina Centella Asiática de Madagascar e Tea Tree, ajudando a acalmar irritações, reduzir a vermelhidão e controlar a oleosidade, enquanto fortalece a barreira natural da pele.  Benefícios:  * Acalma a pele sensibilizada e reduz a vermelhidão. * Auxilia no controle da oleosidade e no surgimento de espinhas. * Hidrata profundamente sem deixar sensação pegajosa. * Fortalece a barreira de proteção da pele. * Deixa a pele mais equilibrada, macia e saudável.  Indicado para: Peles oleosas, mistas, sensíveis e acneicas.  Modo de uso: Após a limpeza e o tônico, aplique algumas gotas no rosto e espalhe suavemente até completa absorção. Finalize com hidratante. Pode ser usado diariamente, pela manhã e à noite.",Sem Marca,214.33,6600,999,0.500,,,,3,,,,,,,,,"IMAGEM LOCAL (base64) — precisa subir a foto manualmente, URL não disponível"
JE-COS-0133,JE-COS-0133,SKIN1004 Madagascar Centella Tea-Trica Soothing Sun Milk Protetor Solar Facial (50 ml),,Padrão,Cosméticos,"Protetor solar facial de textura fluida e leve, desenvolvido para proteger a pele dos raios UVA e UVB enquanto acalma e hidrata. Enriquecido com Centella Asiática de Madagascar e ingredientes calmantes, ajuda a controlar a oleosidade sem deixar a pele pesada ou com acabamento esbranquiçado.  Benefícios:  * Alta proteção solar SPF50+ PA++++ contra os raios UVA e UVB. * Ajuda a acalmar a pele sensível e reduzir a vermelhidão. * Controla a oleosidade e proporciona acabamento leve e natural. * Hidrata sem obstruir os poros. * Não deixa resíduos brancos e é ideal para uso diário.  Indicado para: Todos os tipos de pele, especialmente peles oleosas, sensíveis e com tendência à acne.  Modo de uso: Aplique uma quantidade adequada no rosto e pescoço como último passo da rotina de skincare, cerca de 15 a 20 minutos antes da exposição ao sol. Reaplique ao longo do dia, especialmente após suor intenso, banho ou exposição prolongada ao sol.",Sem Marca,175.39,5400,999,0.500,,,,3,,,,,,,,,"IMAGEM LOCAL (base64) — precisa subir a foto manualmente, URL não disponível"
JE-COS-0158,JE-COS-0158,SKIN1004 Madagascar Centella TECA Ampoule – Sérum Facial Calmante (50 ml),,Padrão,Cosméticos,"Sérum facial concentrado formulado com TECA (Madecassoside, Asiaticoside, Ácido Asiático e Ácido Madecássico) e Centella Asiática de Madagascar, desenvolvido para acalmar intensamente a pele sensibilizada, fortalecer a barreira cutânea e auxiliar na recuperação da pele irritada. Sua textura leve é rapidamente absorvida, proporcionando hidratação sem deixar sensação pegajosa.  Benefícios:  * Acalma irritações e reduz a vermelhidão. * Fortalece a barreira de proteção da pele. * Auxilia na recuperação da pele sensibilizada. * Hidrata profundamente sem pesar. * Deixa a pele mais macia, saudável e equilibrada.  Indicado para: Todos os tipos de pele, especialmente peles sensíveis, irritadas, secas ou com a barreira cutânea fragilizada.  Modo de uso: Após a limpeza e o tônico, aplique algumas gotas no rosto e pescoço, espalhando suavemente até completa absorção. Finalize com hidratante. Pode ser usado diariamente, pela manhã e à noite.",Sem Marca,220.82,6800,999,0.500,,,,3,,,,,,,,,"IMAGEM LOCAL (base64) — precisa subir a foto manualmente, URL não disponível"
JE-COS-0159,JE-COS-0159,SKIN1004 Madagascar Centella TECA Cream – Creme Hidratante Calmante (75 ml),,Padrão,Cosméticos,"Creme hidratante formulado com TECA (Madecassoside, Asiaticoside, Ácido Asiático e Ácido Madecássico) e Centella Asiática de Madagascar, desenvolvido para acalmar intensamente a pele sensível, fortalecer a barreira cutânea e auxiliar na recuperação da pele fragilizada. Sua textura nutritiva proporciona hidratação profunda sem deixar sensação pesada.  Benefícios:  * Acalma irritações e reduz a vermelhidão. * Fortalece a barreira de proteção da pele. * Auxilia na recuperação da pele sensibilizada. * Hidrata profundamente e ajuda a prevenir o ressecamento. * Deixa a pele macia, confortável e com aspecto saudável.  Indicado para: Todos os tipos de pele, especialmente peles sensíveis, secas, irritadas ou com a barreira cutânea comprometida.  Modo de uso: Após o sérum, aplique uma quantidade adequada no rosto e pescoço, espalhando suavemente até completa absorção. Use diariamente, pela manhã e à noite. Durante o dia, finalize a rotina com protetor solar.",Sem Marca,256.51,7900,999,0.500,,,,3,,,,,,,,,"IMAGEM LOCAL (base64) — precisa subir a foto manualmente, URL não disponível"
JE-COS-0160,JE-COS-0160,SKIN1004 Madagascar Centella Tone Brightening Capsule Ampoule – Sérum Facial Iluminador (100 ml),,Padrão,Cosméticos,"Sérum facial iluminador formulado com Centella Asiática de Madagascar, Niacinamida e cápsulas hidratantes que se dissolvem durante a aplicação. Ajuda a uniformizar o tom da pele, reduzir a aparência de manchas e proporcionar hidratação intensa, deixando a pele mais luminosa, macia e saudável.  Benefícios:  * Ajuda a clarear manchas e marcas de acne. * Uniformiza o tom da pele e melhora a luminosidade. * Hidrata profundamente com cápsulas nutritivas. * Acalma a pele e fortalece a barreira cutânea. * Deixa a pele mais lisa, radiante e com aspecto saudável.  Indicado para: Todos os tipos de pele, especialmente peles opacas, com manchas, marcas de acne e tom irregular.  Modo de uso: Após a limpeza e o tônico, aplique algumas gotas no rosto e pescoço. Espalhe suavemente até que as cápsulas sejam totalmente absorvidas. Finalize com hidratante. Pode ser usado diariamente, pela manhã e à noite. Durante o dia, utilize protetor solar para potencializar os resultados.",Sem Marca,237.04,7300,999,0.500,,,,3,,,,,,,,,"IMAGEM LOCAL (base64) — precisa subir a foto manualmente, URL não disponível"
JE-COS-0161,JE-COS-0161,SKIN1004 Madagascar Centella Tone Brightening Summer Special Edition – Kit Completo de Skincare Iluminador,,Padrão,Cosméticos,"Kit completo de cuidados faciais desenvolvido para hidratar, acalmar e uniformizar o tom da pele. Enriquecido com Centella Asiática de Madagascar, Niacinamida e ingredientes iluminadores, ajuda a reduzir a aparência de manchas, melhorar a luminosidade e fortalecer a barreira cutânea, proporcionando uma pele mais saudável e radiante.  O kit contém:  * Óleo de limpeza (Light Cleansing Oil) * Espuma de limpeza (Ampoule Foam) * Tônico iluminador (Tone Brightening Boosting Toner) * Sérum iluminador (Tone Brightening Capsule Ampoule) * Creme hidratante (Tone Brightening Capsule Cream)  Benefícios:  * Uniformiza o tom da pele e ajuda a reduzir manchas. * Promove uma limpeza completa sem ressecar. * Hidrata profundamente e fortalece a barreira da pele. * Acalma irritações e reduz a vermelhidão. * Deixa a pele mais luminosa, macia e revitalizada.  Indicado para: Todos os tipos de pele, especialmente peles opacas, com manchas, marcas de acne e tom irregular.  Modo de uso:  1. Limpe a pele com o óleo de limpeza. 2. Lave o rosto com a espuma de limpeza. 3. Aplique o tônico. 4. Utilize o sérum iluminador. 5. Finalize com o creme hidratante.     Durante o dia, complete a rotina com um protetor solar para potencializar os resultados e proteger a pele.",Sem Marca,285.71,8800,999,1.000,,,,3,,,,,,,,,"IMAGEM LOCAL (base64) — precisa subir a foto manualmente, URL não disponível"
JE-COS-0162,JE-COS-0162,SKIN1004 Madagascar Centella Tone Brightening Boosting Toner – Tônico Facial Iluminador (210 ml),,Padrão,Cosméticos,"Tônico facial desenvolvido para hidratar, acalmar e uniformizar o tom da pele. Formulado com Centella Asiática de Madagascar, Niacinamida e ingredientes iluminadores, prepara a pele para os próximos passos da rotina de skincare, ajudando a reduzir a aparência de manchas e proporcionando uma pele mais luminosa e saudável.  Benefícios:  * Ajuda a uniformizar o tom da pele. * Contribui para reduzir a aparência de manchas e marcas de acne. * Hidrata e acalma a pele sensível. * Melhora a luminosidade e a textura da pele. * Prepara a pele para melhor absorção dos séruns e hidratantes.  Indicado para: Todos os tipos de pele, especialmente peles opacas, com manchas, marcas de acne e tom irregular.  Modo de uso: Após a limpeza, aplique uma quantidade adequada no rosto com as mãos ou um algodão, evitando a área dos olhos. Dê leves batidinhas até completa absorção. Use diariamente, pela manhã e à noite, antes do sérum e do hidratante. Durante o dia, finalize a rotina com protetor solar.",Sem Marca,162.41,5000,999,0.500,,,,3,,,,,,,,,"IMAGEM LOCAL (base64) — precisa subir a foto manualmente, URL não disponível"
JE-COS-0163,JE-COS-0163,SKIN1004 Madagascar Centella Tone Brightening Dark Spot Ampoule Pad – Discos Faciais Iluminadores (60 unidades / 130 ml),,Padrão,Cosméticos,"Discos faciais embebidos em essência iluminadora, formulados com Centella Asiática de Madagascar, Niacinamida e ingredientes hidratantes. Ajudam a uniformizar o tom da pele, reduzir a aparência de manchas e marcas de acne, além de proporcionar hidratação e suavidade em um único passo.  Benefícios:  * Ajuda a reduzir manchas escuras e marcas de acne. * Uniformiza o tom da pele e aumenta a luminosidade. * Hidrata e acalma a pele sensível. * Promove uma esfoliação suave, deixando a pele mais lisa. * Prepara a pele para melhor absorção dos produtos da rotina de skincare.  Indicado para: Todos os tipos de pele, especialmente peles com manchas, marcas de acne, tom irregular e aspecto opaco.  Modo de uso: Após a limpeza, passe um disco suavemente por todo o rosto, evitando a área dos olhos. Não é necessário enxaguar. Continue a rotina com sérum e hidratante. Pode ser usado diariamente, pela manhã e à noite. Durante o dia, utilize protetor solar para potencializar os resultados.",Sem Marca,220.82,6800,999,0.500,,,,3,,,,,,,,,"IMAGEM LOCAL (base64) — precisa subir a foto manualmente, URL não disponível"
JE-COS-0164,JE-COS-0164,SKIN1004 Madagascar Centella Tone Brightening Capsule Ampoule – Sérum Facial Iluminador (50 ml),,Padrão,Cosméticos,"Sérum facial iluminador formulado com Centella Asiática de Madagascar, Niacinamida e cápsulas hidratantes que se dissolvem durante a aplicação. Ajuda a uniformizar o tom da pele, reduzir a aparência de manchas e marcas de acne, enquanto proporciona hidratação profunda e fortalece a barreira cutânea.  Benefícios:  * Ajuda a clarear manchas e marcas de acne. * Uniformiza o tom da pele e aumenta a luminosidade. * Hidrata intensamente sem deixar sensação pegajosa. * Acalma a pele sensível e fortalece a barreira de proteção. * Deixa a pele mais macia, radiante e com aspecto saudável.  Indicado para: Todos os tipos de pele, especialmente peles com manchas, marcas de acne, tom irregular e aspecto opaco.  Modo de uso: Após a limpeza e o tônico, aplique algumas gotas no rosto e pescoço. Espalhe suavemente até que as cápsulas sejam completamente absorvidas. Finalize com hidratante. Pode ser usado diariamente, pela manhã e à noite. Durante o dia, utilize protetor solar para potencializar os resultados.",Sem Marca,207.84,6400,999,0.500,,,,3,,,,,,,,,"IMAGEM LOCAL (base64) — precisa subir a foto manualmente, URL não disponível"
JE-COS-0165,JE-COS-0165,SKIN1004 Madagascar Centella Tone Brightening Tone-Up Sunscreen- Protetor Solar Facial Iluminador (50 ml),,Padrão,Cosméticos,"Protetor solar facial com efeito tone-up, desenvolvido para proteger a pele dos raios UVA e UVB enquanto uniformiza instantaneamente o tom da pele. Formulado com Centella Asiática de Madagascar e ingredientes iluminadores, ajuda a acalmar, hidratar e proporcionar um acabamento natural e radiante, podendo ser usado sozinho ou como primer antes da maquiagem.  Benefícios:  * Alta proteção solar SPF50+ PA++++. * Uniformiza o tom da pele com efeito iluminador imediato. * Ajuda a reduzir o aspecto opaco da pele. * Hidrata e acalma a pele sensível. * Textura leve, de rápida absorção e acabamento natural. * Ideal como base para a maquiagem.  Indicado para: Todos os tipos de pele, especialmente peles opacas, com tom irregular e sensíveis.  Modo de uso: Aplique uma quantidade adequada no rosto e pescoço como último passo da rotina de skincare, cerca de 15 a 20 minutos antes da exposição ao sol. Reaplique ao longo do dia para manter a proteção, especialmente após suor intenso, banho ou exposição prolongada ao sol.",Sem Marca,188.37,5800,999,0.500,,,,3,,,,,,,,,"IMAGEM LOCAL (base64) — precisa subir a foto manualmente, URL não disponível"
JE-COS-0166,JE-COS-0166,SKIN1004 Madagascar Centella Tone Brightening Cleansing Gel Foam – Gel de Limpeza Facial (125 ml),,Padrão,Cosméticos,"Gel de limpeza facial desenvolvido para limpar profundamente a pele enquanto ajuda a uniformizar o tom e preservar a hidratação natural. Formulado com Centella Asiática de Madagascar e ingredientes iluminadores, remove impurezas, excesso de oleosidade e resíduos sem ressecar, deixando a pele limpa, macia e radiante.  Benefícios:  * Limpa profundamente sem ressecar a pele. * Ajuda a uniformizar o tom e aumentar a luminosidade. * Remove impurezas, excesso de oleosidade e resíduos. * Acalma a pele sensível e fortalece a barreira cutânea. * Deixa a pele macia, fresca e com aspecto saudável.  Indicado para: Todos os tipos de pele, especialmente peles opacas, com manchas, marcas de acne e tom irregular.  Modo de uso: Aplique uma pequena quantidade do produto nas mãos úmidas e faça espuma. Massageie suavemente o rosto em movimentos circulares e enxágue com água morna. Use diariamente, pela manhã e à noite.",Sem Marca,181.88,5600,999,0.500,,,,3,,,,,,,,,"IMAGEM LOCAL (base64) — precisa subir a foto manualmente, URL não disponível"
JE-COS-0167,JE-COS-0167,SKIN1004 Madagascar Centella Tone Brightening Glow Mask – Máscara Facial Iluminadora (25 ml – Caixa com 5 unidades),,Padrão,Cosméticos,"Máscara facial em tecido enriquecida com Centella Asiática de Madagascar e ingredientes iluminadores que hidratam profundamente, acalmam a pele e ajudam a uniformizar o tom. Sua fórmula promove uma pele mais luminosa, revitalizada e com aparência saudável desde a primeira aplicação.  Benefícios:  * Hidrata intensamente e proporciona efeito glow. * Ajuda a uniformizar o tom da pele e reduzir a aparência de manchas. * Acalma irritações e vermelhidão. * Fortalece a barreira cutânea e melhora a luminosidade natural. * Deixa a pele macia, fresca e revitalizada.  Indicado para: Todos os tipos de pele, especialmente peles opacas, sensíveis ou com tom irregular.  Modo de uso: Após a limpeza e o tônico, aplique a máscara sobre o rosto e deixe agir por 10 a 20 minutos. Remova e massageie suavemente o sérum restante até completa absorção. Não é necessário enxaguar.",Sem Marca,129.96,4000,999,0.500,,,,3,,,,,,,,,"IMAGEM LOCAL (base64) — precisa subir a foto manualmente, URL não disponível"
JE-COS-0152,JE-COS-0152,SKIN1004 Madagascar Centella Toning Toner – (210 ml),,Padrão,Cosméticos,"Tônico facial de uso diário que hidrata, acalma e promove uma esfoliação suave para renovar a pele sem causar irritação. Formulado com Centella Asiática de Madagascar e PHA (Poli-Hidroxiácido), ajuda a remover células mortas, melhorar a textura da pele e preparar o rosto para os próximos passos da rotina de skincare.  Benefícios:  * Promove esfoliação suave sem ressecar. * Remove células mortas e impurezas. * Hidrata e acalma a pele sensível. * Uniformiza a textura e deixa a pele mais luminosa. * Prepara a pele para melhor absorção dos tratamentos.  Indicado para: Todos os tipos de pele, especialmente peles sensíveis, opacas e com textura irregular.  Modo de uso: Após a limpeza, aplique uma quantidade adequada no rosto com as mãos ou um algodão, evitando a área dos olhos. Use diariamente, de manhã e à noite, antes do sérum e do hidratante. Durante o dia, finalize a rotina com protetor solar.",Sem Marca,149.43,4600,999,0.500,,,,3,,,,,,,,,"IMAGEM LOCAL (base64) — precisa subir a foto manualmente, URL não disponível"
JE-COS-0134,JE-COS-0134,SKIN1004 Madagascar Centella Travel Kit,,Padrão,Cosméticos,"Kit completo de cuidados com a pele em tamanho viagem, ideal para conhecer a famosa linha Madagascar Centella ou levar na bolsa e em viagens.  ✨ O kit contém: • Ampoule (Sérum Concentrado) 30ml • Toning Toner (Tônico Facial) 30ml • Light Cleansing Oil (Óleo de Limpeza) 30ml • Soothing Cream (Creme Calmante) 30ml • Ampoule Foam (Espuma de Limpeza) 20ml  💚 Benefícios: • Limpa suavemente sem ressecar a pele • Ajuda a remover maquiagem e impurezas • Hidrata e fortalece a barreira cutânea • Acalma vermelhidão e irritações • Auxilia na recuperação da pele sensibilizada • Ideal para peles sensíveis, secas e mistas  🌱 Formulado com Extrato de Centella Asiática de Madagascar, conhecido por suas propriedades calmantes e reparadoras.",Sem Marca,246.77,7600,999,,,,,3,"https://res.cloudinary.com/dw4j4tpub/image/upload/f_webp,q_auto/v1781706126/nikkeybox/products/skin1004-madagascar-centella-travel-kit-b63c/dplyfvyqnqperkolgs0z.webp",,,,,,,,
JE-COS-0157,JE-COS-0157,SKIN1004 Madagascar Centella Watergel Sheet Ampoule Mask – Máscara Facial em Tecido (25 ml),,Padrão,Cosméticos,"Máscara facial em tecido com tecnologia Watergel, enriquecida com Centella Asiática de Madagascar, desenvolvida para proporcionar hidratação intensa, acalmar a pele e fortalecer a barreira cutânea. Sua essência em ampoule é rapidamente absorvida, deixando a pele revitalizada, macia e com brilho saudável.  Benefícios:  * Hidrata profundamente e ajuda a manter a umidade da pele. * Acalma irritações e reduz a vermelhidão. * Fortalece a barreira natural da pele. * Refresca e revitaliza a pele cansada. * Deixa a pele macia, luminosa e com aspecto saudável.  Indicado para: Todos os tipos de pele, especialmente peles sensíveis, secas e desidratadas.  Modo de uso: Após a limpeza e o tônico, aplique a máscara sobre o rosto e deixe agir por 10 a 20 minutos. Retire a máscara e massageie suavemente a essência restante até completa absorção. Não é necessário enxaguar. Use de 1 a 3 vezes por semana ou sempre que a pele precisar de hidratação extra.",Sem Marca,129.96,4000,999,0.500,,,,3,,,,,,,,,"IMAGEM LOCAL (base64) — precisa subir a foto manualmente, URL não disponível"
JE-DOC-0060,JE-DOC-0060,Sopa de Missô Instantânea Marukome Ryotei no Aji – 24 Porções ,,Padrão,Doces & Chás,"Desfrute do sabor autêntico da tradicional sopa de missô japonesa de forma prática e rápida. A versão Ryotei no Aji da Marukome possui 25% menos sódio em comparação às versões convencionais, mantendo o sabor rico e equilibrado do missô.  ✨ Características:  * 24 porções individuais * 4 sabores variados:     * Cebolinha (Naganegi)     * Tofu     * Alga Wakame     * Tofu frito (Aburaage) * Baixo teor de sódio * Preparo rápido: basta adicionar água quente * Ideal para acompanhar refeições ou consumir como lanche leve  🍜 Modo de preparo: Coloque o conteúdo de um sachê em uma tigela, adicione aproximadamente 160 ml de água quente, misture bem e sirva.",Sem Marca,35.86,1100,999,,,,,3,"https://res.cloudinary.com/dw4j4tpub/image/upload/f_webp,q_auto/v1781706128/nikkeybox/products/sopa-de-misso-instantanea-marukome-ryote-96xn/mk9yasbn7pzdsup8mwah.webp",,,,,,,,
JE-COS-0135,JE-COS-0135,Sopa de Missô Instantânea Marukome Ryotei no Aji – 24 Porções,,Padrão,Doces & Chás,"Leve para sua casa o sabor tradicional da culinária japonesa com a sopa de missô instantânea Marukome Ryotei no Aji. Produzida com uma combinação especial de diferentes tipos de missô, oferece um sabor rico, equilibrado e autêntico.  ✨ Características:  * 24 porções individuais * 4 sabores clássicos:     * Cebolinha (Naganegi)     * Tofu     * Alga Wakame     * Tofu frito (Aburaage) * Mistura de missôs selecionados para um sabor mais encorpado * Preparo rápido e prático * Ideal para acompanhar refeições japonesas ou consumir a qualquer hora do dia  🍜 Modo de preparo: Adicione o conteúdo de um sachê em uma tigela, acrescente cerca de 160 ml de água quente, misture bem e sirva.",Sem Marca,65.06,2000,999,0.500,,,,3,"https://res.cloudinary.com/dw4j4tpub/image/upload/f_webp,q_auto/v1781706132/nikkeybox/products/sopa-de-misso-instantanea-marukome-ryote-b3u9/iccqyublx9y0sqkxhb1e.webp",,,,,,,,
JE-COS-0136,JE-COS-0136,Specialty SENKA Perfect Whip White Clay,,Padrão,Cosméticos,"A Senka Perfect Whip White Clay é uma espuma de limpeza facial japonesa formulada com argila branca, que ajuda a remover impurezas, excesso de oleosidade e resíduos acumulados nos poros. Sua espuma rica e cremosa promove uma limpeza profunda sem ressecar a pele, deixando uma sensação de frescor e maciez.  Benefícios: • Limpeza profunda dos poros • Remove excesso de oleosidade • Ajuda a reduzir a aparência dos poros • Espuma densa e cremosa • Pele limpa, macia e revitalizada",Sem Marca,91.02,2800,999,0.500,,,,3,"https://res.cloudinary.com/dw4j4tpub/image/upload/f_webp,q_auto/v1781706132/nikkeybox/products/specialty-senka-perfect-whip-white-clay-gjei/vc3twc0l6zlwniua4hn7.webp",,,,,,,,
JE-DOC-0061,JE-DOC-0061,Tempero para Frango Frito Japonês Karaage Nippn – Sabor Alho Especial,,Padrão,Doces & Chás,"Prepare em casa o famoso karaage japonês com praticidade e muito sabor. Este tempero da Nippn combina uma mistura especial de especiarias e alho, proporcionando um frango crocante por fora, suculento por dentro e com sabor intenso.  ✨ Características:  * Tempero para preparo de karaage (frango frito japonês) * Sabor rico e marcante de alho * Fácil de usar * Ideal para refeições, petiscos e bentôs * Embalagem com fechamento tipo zip para melhor conservação  🍗 Modo de preparo: Misture o tempero com os pedaços de frango, deixe marinar por alguns minutos e frite até dourar. O resultado é um karaage crocante e cheio de sabor.  📦 Conteúdo: 100 g",Sem Marca,26.12,800,999,,,,,3,"https://res.cloudinary.com/dw4j4tpub/image/upload/f_webp,q_auto/v1781706134/nikkeybox/products/tempero-para-frango-frito-japones-karaag-i5gs/keuwgixlgsj7xpopovzo.webp","https://res.cloudinary.com/dw4j4tpub/image/upload/f_webp,q_auto/v1781706136/nikkeybox/products/tempero-para-frango-frito-japones-karaag-i5gs/fymdiyr1xh6mxzpjqwki.webp",,,,,,,
JE-DOC-0062,JE-DOC-0062,Tempero para Karaage Japonês Nippn – Receita Tradicional,,Padrão,Doces & Chás,"Prepare o autêntico karaage japonês de maneira simples e deliciosa. Desenvolvido sob supervisão de uma famosa rede especializada em karaage no Japão, este tempero proporciona uma textura crocante e um sabor suculento irresistível.  ✨ Características:  * Mistura especial para frango frito japonês (karaage) * Crocância extra e sabor equilibrado * Receita inspirada em restaurantes populares do Japão * Não contém alho * Embalagem com fechamento zip para melhor conservação  🍗 Modo de preparo: Misture o tempero aos pedaços de frango, deixe marinar por alguns minutos e frite até dourar. O resultado é um karaage crocante por fora e macio por dentro.  📦 Conteúdo: 100 g",Sem Marca,26.12,800,999,,,,,3,"https://res.cloudinary.com/dw4j4tpub/image/upload/f_webp,q_auto/v1781706135/nikkeybox/products/tempero-para-karaage-japones-nippn-recei-qzl8/w0eerfoctblxtxjm7ldc.webp","https://res.cloudinary.com/dw4j4tpub/image/upload/f_webp,q_auto/v1781706137/nikkeybox/products/tempero-para-karaage-japones-nippn-recei-qzl8/fe7eadtvar2xgj7zkvps.webp",,,,,,,
JE-COS-0137,JE-COS-0137,TIRTIR Mask Fit Red Cushion,,Padrão,Cosméticos,"A TIRTIR Mask Fit Red Cushion é uma base cushion coreana de alta cobertura que uniformiza o tom da pele, disfarça imperfeições e proporciona um acabamento natural e luminoso. Sua fórmula de longa duração mantém a maquiagem impecável por horas, com conforto e resistência ao suor e à oleosidade.  Benefícios:  * Alta cobertura com acabamento natural. * Longa duração de até 72 horas. * Disfarça manchas, vermelhidão e poros. * Mantém a pele hidratada e confortável. * Resistente ao suor e à transferência. * Proteção solar SPF40 PA++. * Aplicação prática com esponja inclusa.  Ideal para todos os tipos de pele, especialmente para quem busca uma maquiagem duradoura, uniforme e com aspecto saudável. Perfeita para o uso diário ou ocasiões especiais.",Sem Marca,193.23,5950,999,0.500,,,,3,,,,,,,,,"IMAGEM LOCAL (base64) — precisa subir a foto manualmente, URL não disponível"
JE-DOC-0063,JE-DOC-0063,Tokyo Banana Original – Doce Tradicional de Tóquio,,Padrão,Doces & Chás,"Conheça o tradicional Tokyo Banana, um dos souvenirs mais queridos do Japão! Feito com uma massa macia tipo pão de ló e recheado com um irresistível creme de banana, este doce encanta pela textura delicada e pelo sabor suave e sofisticado.  Perfeito para presentear, compartilhar com a família ou experimentar uma das sobremesas mais icônicas do Japão.",Sem Marca,175.39,5400,999,,,,,3,"https://res.cloudinary.com/dw4j4tpub/image/upload/f_webp,q_auto/v1781706139/nikkeybox/products/tokyo-banana-original-doce-tradicional-d-26w0/zy4ae4hj5cjgifmdsujf.webp","https://res.cloudinary.com/dw4j4tpub/image/upload/f_webp,q_auto/v1781706141/nikkeybox/products/tokyo-banana-original-doce-tradicional-d-26w0/jaboujvd32832rydncgw.webp","https://res.cloudinary.com/dw4j4tpub/image/upload/f_webp,q_auto/v1781706142/nikkeybox/products/tokyo-banana-original-doce-tradicional-d-26w0/dsulkrjwpjozmbqy5rxd.webp",,,,,,
JE-COS-0139,JE-COS-0139,Tsubaki Premium EX Damage Care & Repair – Shampoo + Tratamento,,Padrão,Cosméticos,"Recupere os fios danificados com a linha Tsubaki Premium EX Damage Care & Repair. Sua fórmula com óleo de camélia e ingredientes hidratantes ajuda a reparar os danos causados por química, calor e agressões diárias, deixando os cabelos mais fortes, macios e com brilho intenso.  Benefícios:  * Repara cabelos danificados e ressecados. * Hidrata profundamente sem pesar. * Reduz o frizz e as pontas duplas. * Deixa os fios mais macios, alinhados e brilhantes. * Fragrância elegante e duradoura.  Ideal para cabelos secos, quimicamente tratados ou com danos causados por secador, chapinha e coloração. O uso combinado do shampoo e do tratamento potencializa a recuperação dos fios, proporcionando um cabelo saudável, sedoso e cheio de vida.",Sem Marca,141.32,4350,999,1.500,,,,3,,,,,,,,,"IMAGEM LOCAL (base64) — precisa subir a foto manualmente, URL não disponível"
JE-COS-0140,JE-COS-0140,Tsubaki Premium EX Repair Mask,,Padrão,Cosméticos,"A Tsubaki Premium EX Repair Mask é uma máscara capilar de tratamento intensivo que promove reparação profunda desde a primeira aplicação. Sua fórmula rica em óleo de camélia e ingredientes nutritivos penetra nos fios, restaurando cabelos danificados, ressecados e sem brilho, sem necessidade de tempo de pausa.  Benefícios:  * Repara profundamente os fios danificados. * Hidratação intensa e nutrição prolongada. * Reduz o frizz e as pontas duplas. * Deixa os cabelos extremamente macios, sedosos e brilhantes. * Fórmula de ação rápida, sem necessidade de tempo de espera. * Fragrância sofisticada e duradoura.  Ideal para cabelos secos, quimicamente tratados ou danificados pelo uso frequente de secador, chapinha e coloração. Perfeita para devolver força, maciez e brilho aos fios com um tratamento prático e eficaz.",Sem Marca,58.57,1800,999,0.500,,,,3,,,,,,,,,"IMAGEM LOCAL (base64) — precisa subir a foto manualmente, URL não disponível"
JE-COS-0186,JE-COS-0186,TSUBAKI Premium Kit Shampoo + Condicionador,,Padrão,Cosméticos,"TSUBAKI Premium Volume & Repair foi desenvolvido para cabelos finos, sem volume ou danificados, proporcionando limpeza suave, hidratação e fortalecimento dos fios sem deixá-los pesados.  Benefícios:  * 🌼 Ajuda a dar mais volume e corpo aos cabelos. * ✨ Repara os fios danificados e reduz a quebra. * 💧 Hidrata profundamente, mantendo os cabelos macios e leves. * 🌺 Enriquecido com óleo de camélia (Tsubaki), conhecido por nutrir e devolver o brilho natural. * 🫧 Deixa os cabelos sedosos, saudáveis e com uma fragrância elegante e duradoura.  Indicado para:  * Cabelos finos ou sem volume. * Cabelos danificados por química, calor ou agressões do dia a dia. * Quem busca fios mais fortes, macios e com aparência saudável.",Sem Marca,123.47,3800,999,1.500,,,,3,,,,,,,,,"IMAGEM LOCAL (base64) — precisa subir a foto manualmente, URL não disponível"
JE-COS-0141,JE-COS-0141,Tsubaki Premium Moist & Repair – Shampoo + Condicionador,,Padrão,Cosméticos,"A linha Tsubaki Premium Moist & Repair foi desenvolvida para proporcionar hidratação intensa e reparar os fios ressecados, deixando o cabelo macio, sedoso e com brilho natural. Enriquecida com óleo de camélia e ingredientes nutritivos, ajuda a recuperar a saúde dos cabelos desde a primeira lavagem.  Benefícios:  * Hidratação profunda para cabelos secos e ressecados. * Repara os danos e fortalece os fios. * Reduz o frizz e facilita o desembaraço. * Proporciona brilho intenso e toque sedoso. * Fragrância sofisticada e duradoura.  Ideal para cabelos secos, opacos ou danificados, o uso combinado do shampoo e condicionador garante fios mais hidratados, leves, saudáveis e com movimento natural.",Sem Marca,123.47,3800,999,1.500,,,,3,,,,,,,,,"IMAGEM LOCAL (base64) — precisa subir a foto manualmente, URL não disponível"
JE-DOC-0064,JE-DOC-0064,Umaibo Sortido – Snack Japonês Tradicional (Sabores Variados) 50 unidade,,Padrão,Doces & Chás,"O Umaibo é um dos salgadinhos mais famosos e queridos do Japão! Feito à base de milho, possui textura leve e crocante, além de uma enorme variedade de sabores divertidos para experimentar.  Sabores que podem estar incluídos: 🧀 Queijo 🌽 Sopa de Milho (Corn Potage) 🐟 Mentai (ovas de peixe apimentadas) 🍬 Biscoito com açúcar (Sugar Rusk) 🐙 Takoyaki 🍖 Teriyaki Burger 🥗 Salada 🍛 Tonkatsu Sauce 🥬 Salada de Vegetais e outros sabores populares.",Sem Marca,110.49,3400,999,,,,,3,"https://res.cloudinary.com/dw4j4tpub/image/upload/f_webp,q_auto/v1781706139/nikkeybox/products/umaibo-sortido-snack-japones-tradicional-mf4k/rguxsqf3tz5apdsuwbzk.webp","https://res.cloudinary.com/dw4j4tpub/image/upload/f_webp,q_auto/v1781706142/nikkeybox/products/umaibo-sortido-snack-japones-tradicional-mf4k/qzgdv5tqldcgrbepxxyg.webp",,,,,,,
JE-COS-0142,JE-COS-0142,VT Cica Daily Soothing Mask (30 Máscaras),,Padrão,Cosméticos,"A VT Cica Daily Soothing Mask é uma máscara facial diária desenvolvida para acalmar, hidratar e revitalizar a pele de forma prática e eficiente. Enriquecida com Centella Asiática (Cica) e ingredientes hidratantes, ajuda a reduzir a vermelhidão, fortalecer a barreira cutânea e proporcionar uma sensação imediata de frescor e conforto.  💚 Benefícios: • Acalma irritações e sensibilidades da pele • Hidrata profundamente e ajuda a manter a umidade natural • Reduz vermelhidão e desconforto causado por agressões externas • Fortalece a barreira protetora da pele • Deixa a pele macia, fresca e revitalizada • Ideal para uso diário  💎 Principais ativos: • Centella Asiática (Cica) – ação calmante e reparadora • Cicaliao™ – auxilia na recuperação da pele sensibilizada • CicaHyalon™ – complexo que combina hidratação e efeito calmante • Ingredientes hidratantes que ajudam a manter a pele equilibrada  🧴 Modo de uso:  1. Após a limpeza e tonificação, retire uma máscara da embalagem. 2. Aplique sobre o rosto ajustando ao contorno facial. 3. Deixe agir por 10 a 15 minutos. 4. Retire a máscara e massageie suavemente o sérum restante até completa absorção.",Sem Marca,181.88,5600,999,0.500,,,,3,"https://res.cloudinary.com/dw4j4tpub/image/upload/f_webp,q_auto/v1781706145/nikkeybox/products/vt-cica-daily-soothing-mask-30-mascaras-6cit/uhnmguhygf0osstuyfxx.webp","https://res.cloudinary.com/dw4j4tpub/image/upload/f_webp,q_auto/v1781706146/nikkeybox/products/vt-cica-daily-soothing-mask-30-mascaras-6cit/yfn13j1csueimalscex1.webp","https://res.cloudinary.com/dw4j4tpub/image/upload/f_webp,q_auto/v1781706148/nikkeybox/products/vt-cica-daily-soothing-mask-30-mascaras-6cit/tektngjhduuap1wrqhud.webp",,,,,,
JE-COS-0143,JE-COS-0143,VT Cica Mild Foam Cleanser 300ml,,Padrão,Cosméticos,"O VT Cica Mild Foam Cleanser é um sabonete facial em espuma desenvolvido para limpar a pele de forma suave e eficaz, removendo impurezas, excesso de oleosidade e resíduos sem causar ressecamento. Sua fórmula combina Cica (Centella Asiática) e Ácido Hialurônico, ajudando a acalmar, hidratar e fortalecer a barreira cutânea durante a limpeza.  💚 Benefícios: • Limpa profundamente sem agredir a pele • Ajuda a acalmar vermelhidão e irritações • Mantém a hidratação após a lavagem • Remove excesso de oleosidade e impurezas • Fortalece a barreira de proteção da pele • Deixa a pele macia, fresca e confortável  💎 Principais ativos: • Cica (Centella Asiática) – ação calmante e reparadora • CicaHyalon™ – complexo hidratante que ajuda a manter a umidade da pele • Cicaliao™ – auxilia na proteção e fortalecimento da barreira cutânea  🧴 Modo de uso:  1. Aplique uma pequena quantidade nas mãos úmidas. 2. Massageie até formar uma espuma rica e cremosa. 3. Espalhe suavemente pelo rosto. 4. Enxágue completamente com água morna.",Sem Marca,123.47,3800,999,0.500,,,,3,"https://res.cloudinary.com/dw4j4tpub/image/upload/f_webp,q_auto/v1781706145/nikkeybox/products/vt-cica-mild-foam-cleanser-300ml-wfp0/yzp0ebvnitddldq93llf.webp","https://res.cloudinary.com/dw4j4tpub/image/upload/f_webp,q_auto/v1781706146/nikkeybox/products/vt-cica-mild-foam-cleanser-300ml-wfp0/tfkoshb2s1snqra5ltf7.webp","https://res.cloudinary.com/dw4j4tpub/image/upload/f_webp,q_auto/v1781706148/nikkeybox/products/vt-cica-mild-foam-cleanser-300ml-wfp0/hmhs0mmjllesivu1vprj.webp",,,,,,
JE-COS-0180,JE-COS-0180,VT Cica x Exosome PDRN Reedle Shot Brush Hair Serum (100ml),,Padrão,Cosméticos,"Sérum para o couro cabeludo com aplicador em formato de escova, desenvolvido com PDRN, Cica, Exossomos e a tecnologia Reedle Shot™ para revitalizar o couro cabeludo, fortalecer a raiz dos fios e auxiliar no combate à queda capilar. Sua fórmula proporciona uma agradável sensação refrescante, ajudando a aliviar desconfortos e promovendo um couro cabeludo mais saudável.  Benefícios:  * Auxilia na redução da queda e fortalecimento dos fios. * Acalma o couro cabeludo sensível e irritado. * Proporciona efeito refrescante e sensação de limpeza. * Estimula um ambiente saudável para o crescimento capilar. * Aplicador com escova massageadora que facilita a aplicação e melhora a absorção dos ativos.  Indicado para: Todos os tipos de cabelo, especialmente para quem apresenta queda, fios enfraquecidos ou couro cabeludo sensível.  Modo de uso: Aplique diretamente no couro cabeludo limpo utilizando o aplicador massageador. Massageie suavemente em movimentos circulares até a completa absorção. Não enxágue e utilize diariamente ou conforme a necessidade para melhores resultados.",Sem Marca,272.73,8400,999,0.500,,,,3,,,,,,,,,"IMAGEM LOCAL (base64) — precisa subir a foto manualmente, URL não disponível"
JE-COS-0144,JE-COS-0144,VT PDRN+ Barrier Cleanser 200ml,,Padrão,Cosméticos,"O VT PDRN+ Barrier Cleanser é um sabonete facial suave desenvolvido para limpar profundamente sem comprometer a barreira natural da pele. Enriquecido com PDRN+, auxilia na hidratação, fortalecimento da barreira cutânea e manutenção do equilíbrio da pele, proporcionando uma sensação de limpeza confortável e sem ressecamento.  💙 Benefícios: • Remove impurezas, oleosidade e resíduos acumulados • Limpa sem ressecar a pele • Ajuda a fortalecer a barreira cutânea • Mantém a hidratação natural da pele • Suaviza e acalma peles sensibilizadas • Promove uma pele macia e saudável  💎 Principais características: • Contém PDRN+ para cuidado e hidratação da pele • pH levemente ácido (equilibrado para uso diário) • Espuma suave e cremosa • Limpeza eficaz sem sensação de repuxamento • Indicado para todos os tipos de pele, inclusive sensíveis  🧴 Modo de uso:  1. Aplique uma pequena quantidade nas mãos úmidas. 2. Massageie até formar espuma. 3. Espalhe suavemente sobre o rosto. 4. Enxágue completamente com água morna.",Sem Marca,162.41,5000,999,0.500,,,,3,"https://res.cloudinary.com/dw4j4tpub/image/upload/f_webp,q_auto/v1781706150/nikkeybox/products/vt-pdrn-barrier-cleanser-200ml-sxsz/omqndkjm9ynjlffgswqq.webp","https://res.cloudinary.com/dw4j4tpub/image/upload/f_webp,q_auto/v1781706151/nikkeybox/products/vt-pdrn-barrier-cleanser-200ml-sxsz/sm5w4bnwznmdb1n8gofr.webp","https://res.cloudinary.com/dw4j4tpub/image/upload/f_webp,q_auto/v1781706153/nikkeybox/products/vt-pdrn-barrier-cleanser-200ml-sxsz/ibnwzoa6f8vq8dtmdlcs.webp",,,,,,
JE-COS-0145,JE-COS-0145,VT PDRN+ Capsule Cream,,Padrão,Cosméticos,"A VT PDRN+ Capsule Cream é um creme facial inovador com cápsulas concentradas de PDRN que se rompem ao serem aplicadas na pele, proporcionando hidratação intensa, melhora da elasticidade e revitalização da aparência. Sua fórmula ajuda a fortalecer a barreira cutânea, suavizar linhas finas e devolver luminosidade à pele cansada e sem viço.  💚 Benefícios: • Hidratação profunda e duradoura • Melhora a firmeza e elasticidade da pele • Auxilia na regeneração e revitalização cutânea • Fortalece a barreira de proteção da pele • Suaviza a textura e deixa a pele mais macia • Proporciona aparência saudável e radiante  💎 Principais ativos: • PDRN – auxilia na renovação e recuperação da pele • Cápsulas hidratantes concentradas – liberam ativos frescos durante a aplicação • Ingredientes nutritivos que ajudam a manter a pele equilibrada e hidratada  🧴 Modo de uso:  1. Após a limpeza e aplicação do sérum, retire uma quantidade adequada do produto. 2. Misture suavemente as cápsulas com o creme. 3. Aplique sobre o rosto e pescoço. 4. Massageie até completa absorção.",Sem Marca,175.39,5400,999,0.500,,,,3,"https://res.cloudinary.com/dw4j4tpub/image/upload/f_webp,q_auto/v1781706150/nikkeybox/products/vt-pdrn-capsule-cream-bupy/e1qh04zgztvdor1lurjf.webp","https://res.cloudinary.com/dw4j4tpub/image/upload/f_webp,q_auto/v1781706152/nikkeybox/products/vt-pdrn-capsule-cream-bupy/eqil42klnwytachmcfc4.webp","https://res.cloudinary.com/dw4j4tpub/image/upload/f_webp,q_auto/v1781706154/nikkeybox/products/vt-pdrn-capsule-cream-bupy/zogzrgvwe4lvdee57vra.webp",,,,,,
JE-COS-0146,JE-COS-0146,VT PDRN+ Cica Reedle Exosome Serum,,Padrão,Cosméticos,"O VT PDRN+ Cica Reedle Exosome Serum é um sérum avançado que combina PDRN, Cica Reedle™ e Exossomos para promover hidratação profunda, melhora da elasticidade e revitalização da pele. Sua tecnologia ajuda a potencializar a absorção dos ativos, deixando a pele mais firme, uniforme e radiante.  💚 Benefícios: • Hidrata profundamente e melhora a retenção de umidade • Ajuda a aumentar a firmeza e elasticidade da pele • Promove aparência mais luminosa e saudável • Auxilia na regeneração e recuperação da pele • Melhora a textura e suaviza irregularidades • Fortalece a barreira de proteção cutânea  💎 Principais ativos: • PDRN – auxilia na renovação e revitalização da pele • Cica Reedle™ – tecnologia exclusiva que favorece a absorção dos ativos • Exossomos – ajudam a melhorar a aparência da pele e sua vitalidade • Centella Asiática (Cica) – ação calmante e reparadora  🧴 Modo de uso:  1. Após a limpeza e tonificação, aplique algumas gotas no rosto. 2. Espalhe suavemente evitando a área dos olhos. 3. Massageie até completa absorção. 4. Finalize com hidratante.",Sem Marca,175.39,5400,999,0.500,,,,3,"https://res.cloudinary.com/dw4j4tpub/image/upload/f_webp,q_auto/v1781706156/nikkeybox/products/vt-pdrn-cica-reedle-exosome-serum-k0oo/jkdfp2uacbekfpxbhhgn.webp","https://res.cloudinary.com/dw4j4tpub/image/upload/f_webp,q_auto/v1781706157/nikkeybox/products/vt-pdrn-cica-reedle-exosome-serum-k0oo/oveiuzvkoip3fcb0d6t4.webp","https://res.cloudinary.com/dw4j4tpub/image/upload/f_webp,q_auto/v1781706159/nikkeybox/products/vt-pdrn-cica-reedle-exosome-serum-k0oo/jv5y2xxkwjrdhvdys4ly.webp",,,,,,
JE-COS-0147,JE-COS-0147,VT PDRN Reedle Shot Mist 100ml,,Padrão,Cosméticos,"O VT PDRN Reedle Shot Mist é uma névoa facial hidratante que combina a tecnologia exclusiva Cica Reedle™ com PDRN e Centella Asiática para revitalizar, hidratar e melhorar a absorção dos ativos na pele. Sua fórmula leve ajuda a restaurar o brilho natural, suavizar a textura e proporcionar uma aparência mais saudável e luminosa.  💚 Benefícios: • Hidrata profundamente e refresca a pele instantaneamente • Ajuda a melhorar a textura e a maciez da pele • Promove aparência mais firme e revitalizada • Auxilia na recuperação da barreira cutânea • Acalma e reduz sinais de sensibilidade • Pode ser usado ao longo do dia para reforçar a hidratação  💎 Principais ativos: • PDRN – auxilia na regeneração e revitalização da pele • Cica Reedle™ – tecnologia que potencializa a absorção dos ingredientes • Centella Asiática (Cica) – ação calmante e reparadora • Ácido Hialurônico – hidratação intensa e duradoura  🧴 Modo de uso:  1. Agite antes de usar. 2. Borrife uniformemente sobre o rosto a uma distância de 20 a 30 cm. 3. Utilize após a limpeza ou sempre que sentir necessidade de hidratação. 4. Pode ser reaplicado ao longo do dia.",Sem Marca,116.98,3600,999,0.500,,,,3,"https://res.cloudinary.com/dw4j4tpub/image/upload/f_webp,q_auto/v1781706156/nikkeybox/products/vt-pdrn-reedle-shot-mist-100ml-zxj4/mi5hkgmzfvqlzpkdps9f.webp","https://res.cloudinary.com/dw4j4tpub/image/upload/f_webp,q_auto/v1781706158/nikkeybox/products/vt-pdrn-reedle-shot-mist-100ml-zxj4/tthrm5tyrgt61hb7pgs1.webp",,,,,,,
JE-COS-0148,JE-COS-0148,Whip Perfeita com Colágeno,,Padrão,Cosméticos,"Espuma facial com colágeno que limpa delicadamente, remove impurezas e ajuda a manter a hidratação da pele, proporcionando maciez e conforto após a lavagem.",Sem Marca,91.02,2800,999,0.500,,,,3,"https://res.cloudinary.com/dw4j4tpub/image/upload/f_webp,q_auto/v1781706160/nikkeybox/products/whip-perfeita-com-colageno-miiz/slxycwhvd79rqfckwfpd.webp",,,,,,,,
JE-PET-0011,JE-PET-0011,Yum Yum Yum! Kit Sortido Premium para Gatos – 9 Sachês (3 Sabores),,Padrão,Pet,"Alimento úmido premium japonês para gatos, elaborado com ingredientes selecionados e sem adição de conservantes, corantes ou aromatizantes artificiais. Este kit sortido oferece três deliciosos sabores para proporcionar variedade e prazer em cada refeição.  🐱 Principais benefícios:  * Feito com ingredientes de alta qualidade. * Textura macia e sabor irresistível. * Rico em proteínas para auxiliar na nutrição diária. * Ajuda na hidratação do gato. * Sem conservantes, corantes ou aromatizantes artificiais. * Ideal para gatos exigentes que gostam de variedade.  🍽️ Sabores inclusos:  * Bonito e Atum com Shirasu (peixes pequenos japoneses). * Atum e Frango com Shirasu. * Atum e Frango com Queijo.  ✨ Diferenciais:  * Produzido no Japão. * Kit com 9 sachês de 35g. * Receitas preparadas com caldo saboroso para maior palatabilidade. * Excelente como refeição complementar ou agrado especial.  🐟 Ingredientes em destaque:  * Atum e bonito selecionados. * Frango de alta qualidade. * Shirasu (pequenos peixes ricos em sabor). * Queijo para um toque especial em uma das receitas.  Modo de uso: Servir diretamente no recipiente do pet ou misturar à ração seca para tornar a refeição ainda mais saborosa.  Conteúdo: 9 sachês de 35g cada (3 sabores sortidos).  Indicado para: Gatos adultos de todas as raças que apreciam alimentos úmidos premium.",Sem Marca,149.43,4600,999,,,,,3,"https://res.cloudinary.com/dw4j4tpub/image/upload/f_webp,q_auto/v1781706162/nikkeybox/products/yum-yum-yum-kit-sortido-premium-para-gat-j6sw/shsu1kx4cq5uxaaltxhi.webp","https://res.cloudinary.com/dw4j4tpub/image/upload/f_webp,q_auto/v1781706165/nikkeybox/products/yum-yum-yum-kit-sortido-premium-para-gat-j6sw/fqinubjgdwi06kzfqtlk.webp","https://res.cloudinary.com/dw4j4tpub/image/upload/f_webp,q_auto/v1781706167/nikkeybox/products/yum-yum-yum-kit-sortido-premium-para-gat-j6sw/eqpes8bzfwcdfk1nwvup.webp",,,,,,
